1,ANTETTKVNGSLETKYRWTEYGLTFTEKWNTDNTLGTEITV
1,INIGHFNDPVHGGSWFRGAIYYFKIAVALAVAAIPEGLPAV
1,GPSQDGDNTIFKAWAKETGKYTEGVDEADPAKWKANLRCAL
1,VQLWVDSTPPPGTRVRAMAIYKQSQHMTEVVRRCPHHERCS
1,VVVPYEPPEVGSDCTTIHYNYMCNSSCMGGMNRRPILTIIT
1,PSDTDLGAKVPKDVKIQGVWYGQIE----------------
1,AIVGVWQERNAENAIEALKEYEPEMGKVYRQDRKSVQRIKA
1,ATWCGPCKMIKPFFHSLSEKYSNVIFLEVDVDDCQDVASEC
1,PDDTAGSDMIGTVEFNSACFYRYAVVDLEALNKNLHDDSEL
1,FRVNGYSEIEREKLNLINSTYKTLKQLENYKNETILFEQQR
1,EREKLNLINSTYKTLKQLENYKNETILFEQQRTINQVRERV
1,GDVIGTRTEAADAKSTPFQPYSEVFGIQRFRECELIHGRWA
1,ASESRLIESPAPGIISRRSVYEPLQTGLIAIDSMIPIGRGQ
1,QMSLLLRRPPGREAYPGDVFYLHSRLLERAAKLSSQLGEGS
1,PVLQKYAELLVSQGVVNQPEYEEEISKYDKICEEAFARSKD
1,CYQSKSTMRITDCRETGSSKYPNCAYKTTQVEKHIIVACGG
1,QPVLAITDPDMIKTVLVKECYSVFTNRRPFGPVGFMKSAIS
1,EPEKFLPERFSKKNKDNIDPYIYTPFGSGPRNCIGMRFALM
1,EKFLPERFSKKNKDNIDPYIYTPFGSGPRNCIGMRFALMNM
1,ETQQLTEAIKSKAINYLISGYQRQLNYQHSDGSYSTFGNHG
1,VNSGNRLLLQEVRLPDLPGNYVTKGSGSGCVYLQTSLKYNI
1,GSIDLVINLPNNNTKFVHDNYVIRRTAVDSGIALLTNFQVT
1,VKYSPQCKLLIVSNPVDILTYVAWKISGFPKNRVIGSGCNL
1,GTDADKEQWKDVHKQVVDSAYEVIKLKGYTSWAIGLSVADL
1,AGMLLPEVFTKIGIINVPEWYDAGKEQYFASSSTLFVIEFI
1,RRWQDIKNPGSVNQDPIFKQYSLPKGEVGYPGGIFNPLNFA
1,GSVNQDPIFKQYSLPKGEVGYPGGIFNPLNFAPTQEAKEKE
1,NILENKEALELLKSAIAKAGYTDQVVIGMDVAASEFYRAGK
1,PKEIPLPHEFILNRDLLAQLYPSFAEGATPFFTLNWSKYSE
1,EDGDGANTFRAFNPTQAEETYSMVTANRFWSQIFGVAFSNK
1,IISAPSADAPMFVMGVNHEKYDNSLKIISNASCTTNCLAPL
1,NVIGIRDILRASTLEAMRDVYIVQDLMETDLYKLLKSQQLS
1,STLEAMRDVYIVQDLMETDLYKLLKSQQLSNDHICYFLYQI
1,EKEMAAELEELYGDIDALEFYPGLLLEKCHPNSIFGESMIE
1,QKRSTVAQLVKRLTDADAMKYTIVVSATASDAAPLQYLAPY
1,ATQQLLSRGVRLTELLKQGQYSPMAIEEQVAVIYAGVRGYL
1,LVDANRINIVTEIVKEFELVYNKLTDTQLAEVRSVVKLEAP
1,KNVRVKTVIDASLVAGFTIRYGESGSKLIDMSVKKQLEDIA
1,AGIFIPEFLTKIGILNTPSWYTAGEQEYFTDKTTLFVVELI
1,VPVLENSQGQLIYESAITCEYLDEAYPGKKLLPDDPYEKAC
1,KESKKQEEGIVVNKFKPKNPYTGRCLLNTKITGDDAPGETW
1,SIGVIPEGIDKNGKPHKLRLYSIASSAIGDFGDSKTVSLCV
1,SAIGDFGDSKTVSLCVKRLVYTNDGGEIVKGVCSNFLCDLK
1,SAPALALNAQIEKTKRRFDNYGKYGLLCGSDGLPHLIVNGD
1,ITPGILFLYIAGWIGWVGRSYLIAISGEKKPAMKEIIIDVP
1,CVAYVATRDNCCILDERFGSYCPTTCGIADFLSTYQTKVDK
1,HQVENKTSEVKQLIKAIQLTYNPDESSKPNMIDAATLKSRK
1,MLEEIMKYEASILTHDSSIRYLQEIYNSNNQKIVNLKEKVA
1,TEFWLGNEKIHLISTQSAIPYALRVELEDWNGRTSTADYAM
1,KEIFLRELISNSSDALDKIRYESLTDPSKLDSGKELHINLI
1,IKLGIHEDSQNRKKLSELLRYYTSASGDEMVSLKDYCTRMK
1,KLGIHEDSQNRKKLSELLRYYTSASGDEMVSLKDYCTRMKE
1,DEMVSLKDYCTRMKENQKHIYFITGETKDQVANSAFVERLR
1,KKREEAPSLRPAPPPISGGGYRARPAKAAATQKKVERKAPD
1,VDELNNNVEAVSQTSSSSFQYMYLLKDLWQKRQKQVKDNEN
1,GPTELLIEMEDWKGDKVKAHYGGFTVQNEANKYQISVNKYR
1,LKISLPVILMDETLKFVARNYLEPGKECAQPATKPSCSLSA
1,SGKVTVRESSLKKLGANHFKYGVVDEHFEVTKFALLETIKE
1,GGGDVRKITNLTLSPSVIFGYLLKSPFGGEGWIVSVDDLED
1,QNYRPNKKNILVIGPVPGQKYSEITFPILAPDPATNKDVHF
1,PILAPDPATNKDVHFLKYPIYVGGNRGRGQIYPDGSKSNNT
1,DVHFLKYPIYVGGNRGRGQIYPDGSKSNNTVYNATAGGIIS
1,GGNRGRGQIYPDGSKSNNTVYNATAGGIISKILRKEKGGYE
1,DIFTILVGGRYVTVLLDPHSYDAVVWEPRTRLDFHAYAIFL
1,LLFNKQFQYQNRIAAEFNTLYHWHPLLPDTFQIHDQKYNYQ
1,WRQVYKKIAVQHPGKRIGVFYCGMPGMIKELKNLALDFSRK
1,PLRDVVSLGSPKYTMGNDLWYGPDRVKYLGPFSVQTPSYLT
1,KREPDSNVIVVDWLYRAQQHYPVSAGYTKLVGNDVARFINW
1,KRSSKMYLKTRSQMPYKVFHYQVKIHFSGTENDKQNNQAFE
1,ITIFQERDPANIKWGDAGAEYVVESTGVFTTMEKAGAHLKG
1,LEPHFDKQTMEIHHTKHHQTYVNNANAALESLPEFANLPVE
1,-------------MSSIGTGYDLSASTFSPDGRVFQVEYAM
1,NFIIKKAEARIKELKGLGLEYTVISVGKKGNSYFLRRPYIP
1,ELKGLGLEYTVISVGKKGNSYFLRRPYIPVDKYLEAGTLPT
1,SVGKKGNSYFLRRPYIPVDKYLEAGTLPTAKEAQAVADDVF
1,EEETYNIVAAHGYFGRLIFQYASFNNSRSLHFFLAAWPVVG
1,FSVGESKKASAKVSDAISTQYPVVDHEFDAVVVGAGGAGLR
1,PDFKATAVVDGAFKEVKLSDYKGKYVVLFFYPLDFTFVCPT
1,DVTRRLSEDYGVLKTDEGIAYRGLFIIDGKGVLRQITVNDL
1,SYTAANKNKGIIWGEDTLMEYLENPKKYIPGTKMIFVGIKK
1,HVPVKAAAGGYGAHMDIMKEYQLIILAPQVASNYEDIKQDT
1,FAPEEISAMVLTKMKETAEAYLGKKVTHAVVTVPAYFNDAQ
1,WAYDQGIRYSFTFELRDTGRYGFLLPESQIRATCEETFLAI
1,YADSVKGRFTISRDNSKNTLYLQMNSLRAEDTAVYYCAK--
1,ELGSYQYWPVLVPRGIRLYTYEQIPGSLKDNPYITDGYRAY
1,-------MPFGNTHNKFKLNYKPEEEYPDLSKHNNHMAKVL
1,DNPGHPFIMTVGCVAGDEESYEVFKELFDPIISDRHGGYKP
1,DGKTYQVKPIRNLNGHSIGQYRIHAGKTVPIVKGGEATRME
1,WGLSFYADKPETTKEQLGEFYEALDCLCIPRSDVMYTDWKK
1,GFAEHRRLQDWYNPGSMGKQYFLGLEKGLAGSGNPAYPGGP
1,LRCVELVHEEMQRIIQHCSNYSTQELLRFPKLHDAIVEVVT
1,YSFVTTAEREIVRDIKEKLCYVALDFENEMATAASSSSLEK
1,GGSILASLSTFQQMWITKQEYDEAGPSIVHRKCF-------
1,HDNEETFLKKYLYEIARRHPYFYAPELLFFAKRYKAAFTEC
1,DVCKNYAEAKDVFLGMFLYEYARRHPDYSVVLLLRLAKTYE
1,EAKDVFLGMFLYEYARRHPDYSVVLLLRLAKTYETTLEKCC
1,AKTYETTLEKCCAAADPHECYAKVFDEFKPLVEEPQNLIKQ
1,AKVQPYLDDFQKKWQEEMELYRQKVEPLRAELQEGARQKLH
1,SRCLKCSCCQAQLGDIGTSCYTKSGMILCRNDYIRLFGNSG
1,LGDIGTSCYTKSGMILCRNDYIRLFGNSGACSACGQSIPAS
1,QCIYNTTYLNVQRENGTISRYVGGQEHFAHLLILRDTKTYM
1,LQFDPAPRRGEPHVTRRTPDYFL------------------
1,SDLVIRAKFVGTPEVNQTTLYQRYEIKMTKMYKGFQALGDA
1,SFVAPWNSLSLAQRRGFTKTYTVGCEECTVFPCLSIPCKLQ
1,SMDLRDGVDASGRKGKGYGVYKYVDKYGANVDGYSPIYNEN
1,EIYRPHKATAEEMTKYHSDEYIKFLRSIRPDNMSEYSKQMQ
1,EASGFCYVNDIVLAILELLKYHQRVLYIDIDIHHGDGVEEA
1,LTLLVGAAAVGSKVSPADAAYGEAANVFGKPKTNTDFLPYN
1,LVGTPGAELLKKISSESARNYIQSLTQMPKMNFANVFIGAN
1,EAQVGGEKDLRRAKDINQEVYNFLATAGAKYGVGFWKPGSG
1,IGQWDRKDIKKGEKNTIVTSYNRNFTGRNDANPETHAFVTS
1,QFYRVFPNGEVQYLHPKDGVYPEKANPGREGVGLNMRSIGK
1,MRSIGKNVSPIEVKFTGKQSYDL------------------
1,GRLIYTAGGYFRQSLSYLEAYNPSDGTWLRLADLQVPRSGL
1,VAPMLTRRIGVGVAVLNRLLYAVGGFDGTNRLNSAECYYPE
1,NCIYAAGGYDGQDQLNSVERYDVETETWTFVAPMKHRRSAL
1,LDYLNETQQLTPEIKSKAIGYLNTGYQRQLNYKHYDGSYST
1,DEVNQDFTNRINKLKNSLFEYQKNNKDSHSLTTNIMEILRG
1,KRGFGSLNDEGEGEFWLGNDYLHLLTQRGSVLRVELEDWAG
1,NILWLDYKNICKVVEVGSKIYVDDGLISLQVKQKGADFLVT
1,YLGPFSGESPSYLTGEFPGDYGWDTAGLSADPETFARNREL
1,LYAEETYPVLPEYLQCIKELYKGSLETVSFQTAADQARELI
1,DTQEVPFRITEQESKPVQMMYQAGSFKVATVAAEKMKILEL
1,IEKLSEWTSSNMMEDRKMKVYLPHMKIEEKYNLTSVLVALG
1,PVEYGKDSCIIKEGDVGSLVYVMEDGKVEVTKEGVKLCTMG
1,EEILSKLADVLEETHYENGEYIIRQGARGDTFFIISKGTVN
1,IDRDSFKHLIGGLDDVSNKAYEDAEAKAKYEAEAAFFANLK
1,PFKYVKDRVDEVDHTNFKYNYSVIEGGPVGDTLEKISNEIK
1,EMGETLLRAVESYLLAHSDAYN-------------------
1,---------------MVKKSYPEVKEEYKKAVQRCKRKLRG
1,LPPAAQERDAEPRPPHGELQYLGQIQHILRCGVRKDDRTGT
1,PPCHALCQFYVVNSELSCQLYQRSGDMGLGVPFNIASYALL
1,VFTRFCTGLTQIETLFKSKDYEFMWNPHLGYILTCPSNLGT
1,EMIKSGMNVARLNFSHGTHEYHAETIKNVRAATESFASDPI
1,NILWLDYKNICKVVEVGSKIYVDDGLISLQVKEKGADYLVT
1,SKIYVDDGLISLQVKEKGADYLVTEVENGGSLGSKKGVNLP
1,NAVLDGADCIMLSGETAKGDYPLEAVRMQHLIAREAEAAVF
1,APQPVSFKPCRIPCTECGRTYATIGALAKHAKTHEDPESGS
1,AFADRSNLRAHMQTHETVKRYSCVTCEKTFSRISLLKRHQV
1,EGYPQEGILEDMPVDPGSEAYEMPSEEGYQDYEPEA-----
1,LEDMPVDPGSEAYEMPSEEGYQDYEPEA-------------
1,MPVDPGSEAYEMPSEEGYQDYEPEA----------------
1,LAIAFVEHQRSMEKDPEKKKYPGGAFDPLGYSKDPKKLEEL
1,SMEKDPEKKKYPGGAFDPLGYSKDPKKLEELKVKEIKNGRL
1,IEHGIITNWDDMEKIWHHSFYNELRVAPEEHPTLLTEAPLN
1,IEHGIITNWDDMEKIWHHSFYNELRVAPEEHPTLLTEAPLN
1,KVHRKTLNPVFNEQFTFKVPYSELGGKTLVMAVYDFDRFSK
1,VVILEAKNLKKMDVGGLSDPYVKIHLMQNGKRLKKKKTTIK
1,SFEVPFEQIQKVQVVVTVLDYDKIGKNDAIGKVFVGYNSTG
1,LGPVAGAAGSRHKHSLPDLPYDYGALEPHINAQIMQLHHSK
1,TWYKGCVCSFSTSAHRHTKFYTDPVEAVKDIPDGATVLVGG
1,SYDFISQEIRAAEDPEFETFYTKNLLLNEGIRAWMAPQDQP
1,DSAHGFLKVPPRMDAKMYLGYEYVTAIRNLREGTCPEAPTD
1,SVSKNAPPEFQNTKLMTRLTYTLDEIEGPFEVASDGSVNFK
1,GPFEVASDGSVNFKEEDGIDYAAVTVQLPGGERVPFLFTVK
1,KQLDASGKPDSFTGKFLVPSYRGSSFLDPKGRGGSTGYDNA
1,VPSYRGSSFLDPKGRGGSTGYDNAVALPAGGRGDEEELVKE
1,PSDTDLGAKVPKDVKIQGVWYGQLE----------------
1,NRLNFLKKISQRYQKFALPQYLKTVYQHQKAMKPWIQPKTK
1,EAEIKPLAQSHATKHKIPVKYLEFISECIIQVLQSKHPGDF
1,LLFRAQFQYRNRIALEFNHLYHWHPLMPDSFQVGSQEYSYE
1,EFKEAFQLFDRTPKGEMKITYGQCGDVLRALGQNPTQAEVL
1,SAYARMMVEGFKMNLIYFDLYQSTRLEKFVTAYGQFLKANG
1,SYWFKNVGSVVAVDQDPKTRYPVVVRFAKVNYANISTNNYA
1,QPPLKFSLPSDNTQSWLLTTYLDKDLRISRGDGGSVYVLIK
1,KRNPEAITEVVQLPNHFSNRYYNRLVRSLLECDEDTVSTIR
1,HGGVSVFGGVGERTREGNDLYMEMKESGVINEQNLAESKVA
1,FVQAGSEVSALLGRMPSAVGYQPTLSTEMGTLQERITSTKK
1,TFAHLDATTVLSRGLAAKGIYPAVDPLDSTSTMLQPRIVGE
1,QRSQTEKDFSEKHSTLVNDAYKTLLAPLSRGLYLLKLHGIE
1,NGGGRIIMRRTVKSTPQSIWYGPDRPKYLGPFSENTPSYLT
1,KAKTVISDRPLWFPGAKSPEYLDGSLVGDYGFDPFGLGKPA
1,GPEAVWFKTGALLLDGNTLNYFGKNIPINLVLAVVAEVVLL
1,LLFGVQFQYRNRIAMEFNHLYHWHPLMPDSFKVGSQEYSYE
1,DFETFLPMLQHISKNKDTGTYEDFVEGLRVFDKEGNGTVMG
1,TEDEVEKLMAGQEDSNGCINYEAFVKHIMSS----------
1,ETFAFQAEIAQLMSLIINTFYSNKEIFLRELISNASDALDK
1,KEIFLRELISNASDALDKIRYESLTDPSKLDSGKELKIDII
1,DEMTSLSEYVSRMKETQKSIYYITGESKEQVANSAFVERVR
1,EKVTISNRLVSSPCCIVTSTYGWTANMERIMKAQALRDNST
1,EQPVVNAVIDDITKEVVYRDYIDISVAVATPQGLVVPVIRN
1,QAVNSIAKRYSTNGKITFDDYIACCVKLRALTDSFRRRDTA
1,RPDNFVFGQSGAGNNWAKGHYTEGAELVDSVLDVVRKEAES
1,RPDNFVFGQSGAGNNWAKGHYTEGAELVDSVLDVVRKESES
1,IMNTFSVMPSPKVSDTVVEPYNATLSVHQLVENTDETYSID
1,VEPYNATLSVHQLVENTDETYSIDNEALYDICFRTLKLTTP
1,RPDNFVFGQSGAGNNWAKGHYTEGAELVDSVLDVVRKESES
1,RPDNFIFGQSGAGNNWAKGHYTEGAELVDSVLDVVRKECEN
1,IKLQIWDTAGQERFRTITTAYYRGAMEGILGIKRTS-----
1,KLQIWDTAGQERFRTITTAYYRGAMEGILGIKRTS------
1,ITNYVNWFQQRPGQAPKVLIYGASILETGVPSRFSGSGSGT
1,MTLGLMRGTILRCTKYNQELYTTHGLIKGPLSKVHLETAEK
1,SGSPSAHCSKSSGSLDSSKVYIVSHSSGQQVPGSMSKPYHR
1,KVYIVSHSSGQQVPGSMSKPYHRQGAVNKYVIGWKKSEGSP
1,RRYAMVLFRITSVFYMLWLPYIIYFLLESSRVLDNPTLSFL
1,AMVLFRITSVFYMLWLPYIIYFLLESSRVLDNPTLSFLTTW
1,DSDISDYEVDDGIGVVPPVGYRSSARESKSTTLTVPEQQRT
1,AMNRAQVCLISSSKSGERHLYLIKVSRDKISDSNDQESANC
1,KKSVKAINSSGLAHVENEEQYTQALEKFGGNCVCRDDPDLG
1,QMNFINQAQLGIFRAFPGLRYVDLSDNRISGASELTATMGE
1,TDFSSQKGVKGLPLNIQVDTYSYNNRSNKPVHRAYCQIKVF
1,FSSQKGVKGLPLNIQVDTYSYNNRSNKPVHRAYCQIKVFCD
1,CGRWFVSTGKDNLLNAWRTPYGASIFQSKESSSVLSCDISR
0,GCDVDFDIAGPSIRGALVLGYEGWLAGYQMNFETSKSRVTQ
0,IAGPSIRGALVLGYEGWLAGYQMNFETSKSRVTQSNFAVGY
0,YQMNFETSKSRVTQSNFAVGYKTDEFQLHTNVNDGTEFGGS
0,TDEFQLHTNVNDGTEFGGSIYQKVNKKLETAVNLAWTAGNS
0,AVNLAWTAGNSNTRFGIAAKYQVDPDACFSAKVNNSSLIGL
0,VDPDACFSAKVNNSSLIGLGYTQTLKPGIKLTLSALLDGKN
0,------MEAAHSKSTEECLSYFGVSETTGLTPDQVKRHLEK
0,FGVSETTGLTPDQVKRHLEKYGPNELPAEEGKSLWELVVEQ
0,AIVGVWQERNAENAIEALKEYEPEMGKVYRADRKSVQRIKA
0,RNAENAIEALKEYEPEMGKVYRADRKSVQRIKARDIVPGDI
0,NIGHFNDPVHGGSWFRGAIYYFKIAVALAVAAIPEGLPAVI
0,IDKVDGDVCSLNEFSITGSTYAPEGEVLKNDKPVRAGQYDG
0,STYAPEGEVLKNDKPVRAGQYDGLVELATICALCNDSSLDF
0,ATICALCNDSSLDFNETKGVYEKVGEATETALTTLVEKMNV
0,QLMKKEFTLEFSRDRKSMSVYCSPAKSSRAAVGNKMFVKGA
0,AVGNKMFVKGAPEGVIDRCNYVRVGTTRVPLTGPVKEKIMS
0,RDTPPKREEMVLDDSAKFMEYEMDLTFVGVVGMLDPPRKEV
0,IAICRRIGIFSENEEVTDRAYTGREFDDLPLAEQREACRRA
0,CRRACCFARVEPSHKSKIVEYLQSYDEITAMTGDGVNDAPA
0,CCFARVEPSHKSKIVEYLQSYDEITAMTGDGVNDAPALKKA
0,VLADDNFSTIVAAVEEGRAIYNNMKQFIRYLISSNVGEVVC
0,IVAAVEEGRAIYNNMKQFIRYLISSNVGEVVCIFLTAALGL
0,MDRPPRSPKEPLISGWLFFRYMAIGGYVGAATVGAAAWWFL
0,SPKEPLISGWLFFRYMAIGGYVGAATVGAAAWWFLYAEDGP
0,MAIGGYVGAATVGAAAWWFLYAEDGPHVSYHQLTHFMQCTE
0,ATVGAAAWWFLYAEDGPHVSYHQLTHFMQCTEHNPEFDGLD
0,VNIWLLGSICLSMSLHFLILYVDPLPMIFKLRALDFTQWLM
0,LKISLPVIGLDELLKFIARNYLEG-----------------
0,PPPRRVRLKPWLVAQVNSCQYPGLQWVNGEKKLFYIPWRHA
0,QVNSCQYPGLQWVNGEKKLFYIPWRHATRHGPSQDGDNTIF
0,AKWKANLRCALNKSRDFQLFYDGPRDMPPQPYKIYEVCSNG
0,NKSRDFQLFYDGPRDMPPQPYKIYEVCSNGPAPTESQPTDD
0,RDFQLFYDGPRDMPPQPYKIYEVCSNGPAPTESQPTDDYVL
0,KIYEVCSNGPAPTESQPTDDYVLGEEEEEEEEELQRMLPGL
0,RMLPGLSITEPALPGPPNAPYSLPKEDTKWPPALQPPVGLG
0,PDLLISPHMLPLTDLEIKFQYRGRAPRTLTISNPQGCRLFY
0,YRGRAPRTLTISNPQGCRLFYSQLEATQEQVELFGPVTLEQ
0,TLEQVRFPSPEDIPSDKQRFYTNQLLDVLDRGLILQLQGQD
0,NQLLDVLDRGLILQLQGQDLYAIRLCQCKVFWSGPCALAHG
0,ANQCPTIDGGSETFSFKAGKYTGKKFCFEPTSFTVKADSVS
0,SVSKNAPPDFQNTKLMTRLTYTLDEIEGPFEVGSDGSVKFK
0,GPFEVGSDGSVKFKEEDGIDYAAVTVQLPGGERVPFLFTVK
0,KQLEASGKPESFSGKFLVPSYRGSSFLDPKGRGGSTGYDNA
0,VPSYRGSSFLDPKGRGGSTGYDNAVALPAGGRGDEEELSKE
0,RNAENAIEALKEYEPEMGKVYRQDRKSVQRIKAKDIVPGDI
0,INIGHFNDPVHGGSWIRGAIYYFKIAVALAVAAIPEGLPAV
0,NIGHFNDPVHGGSWIRGAIYYFKIAVALAVAAIPEGLPAVI
0,LDRVEGDTCSLNEFTITGSTYAPIGEVHKDDKPVNCHQYDG
0,STYAPIGEVHKDDKPVNCHQYDGLVELATICALCNDSALDY
0,YDGLVELATICALCNDSALDYNEAKGVYEKVGEATETALTC
0,ATICALCNDSALDYNEAKGVYEKVGEATETALTCLVEKMNV
0,QLMKKEFTLEFSRDRKSMSVYCTPNKPSRTSMSKMFVKGAP
0,HDNPLRREEMHLEDSANFIKYETNLTFVGCVGMLDPPRIEV
0,VLADDNFSTIVAAVEEGRAIYNNMKQFIRYLISSNVGEVVC
0,IVAAVEEGRAIYNNMKQFIRYLISSNVGEVVCIFLTAALGF
0,MNKPPRNPKEPLISGWLFFRYLAIGCYVGAATVGAAAWWFI
0,NPKEPLISGWLFFRYLAIGCYVGAATVGAAAWWFIAADGGP
0,TVGAAAWWFIAADGGPRVSFYQLSHFLQCKEDNPDFEGVDC
0,QCKEDNPDFEGVDCAIFESPYPMTMALSVLVTIEMCNALNS
0,ENIWLVGSICLSMSLHFLILYVEPLPLIFQITPLNVTQWLM
0,LKISLPVILMDETLKFVARNYLEPGKECVQPATKSCSFSAC
0,CTDGISWPFVLLIMPLVIWVYSTDTNFSDMFWS--------
0,HKREDGIFSPDEIGVRTKRIYQAIADLLKEKRDISDTITKA
0,LLKEKRDISDTITKAKTALSYLKIKPKNEKTQYLLFLSPKE
0,TKAKTALSYLKIKPKNEKTQYLLFLSPKEIKDFANAIDEYW
0,QYLLFLSPKEIKDFANAIDEYWDQIVGEPIETDNSELDEET
0,NAACQVAHAISTHAVEREFDYYTAIDDLKPDDTAGSDMIGT
0,AACQVAHAISTHAVEREFDYYTAIDDLKPDDTAGSDMIGTV
0,DTAGSDMIGTVEFNSACFYRYAVVDLEALNKNLHDDSELTN
0,AFGGEDKTFLINLVGTNVNGYGTVVASLEDLLNKTLSAIER
0,-----------MKNLTDSFVYLGHWPSAGSFGFNTDILATN
0,NARARLRNVETEADKFRVNGYSEIEREKLNLINSTYKTLKQ
0,KKAAPKKSAKKTVTTDRPLWYPGAISPDWLDGSLVGDYGFD
0,PLWYPGAISPDWLDGSLVGDYGFDPFGLGKPAEYLQFDIDS
0,DGSLVGDYGFDPFGLGKPAEYLQFDIDSLDQNLAKNLAGDV
0,WLTGVTWQDAGKVELVDGSSYLGQPLPFSISTLIWIEVLVI
0,GQPLPFSISTLIWIEVLVIGYIEFQRNAELDSEKRLYPGGK
0,LVIGYIEFQRNAELDSEKRLYPGGKFFDPLGLAADPEKTAQ
0,-MVTIRADEISNIIRERIEQYNREVTIVNTGTVLQVGDGIA
0,EVTIVNTGTVLQVGDGIARIYGLDEVMAGELVEFEEGTIGI
0,QEGSSVKATGKIAQIPVSEAYLGRVINALANPIDGRGKISA
0,KTAVATDTILNQQGQNVICVYVAIGQKASSVAQVVTSLQER
0,QKASSVAQVVTSLQERGAMEYTIVVAETADSPATLQYLAPY
0,GAMEYTIVVAETADSPATLQYLAPYTGAALAEYFMYREQHT
0,YTIVVAETADSPATLQYLAPYTGAALAEYFMYREQHTLIIY
0,ADSPATLQYLAPYTGAALAEYFMYREQHTLIIYDDLSKQAQ
0,PATLQYLAPYTGAALAEYFMYREQHTLIIYDDLSKQAQAYR
0,YTGAALAEYFMYREQHTLIIYDDLSKQAQAYRQMSLLLRRP
0,MYREQHTLIIYDDLSKQAQAYRQMSLLLRRPPGREAYPGDV
0,QAQAYRQMSLLLRRPPGREAYPGDVFYLHSRLLERAAKLSS
0,GEGSMTALPIVETQSGDVSAYIPTNVISITDGQIFLSADLF
0,ELLKQSQSAPLTVEEQIMTIYTGTNGYLDGLEIGQVRKFLV
0,QSAPLTVEEQIMTIYTGTNGYLDGLEIGQVRKFLVQLRTYL
0,GYLDGLEIGQVRKFLVQLRTYLKTNKPQFQEIIASTKTLTA
0,VKTFSQNRPAAARTFQQIRCYSAPVAAEPFLSGTSSNYVEE
0,IRCYSAPVAAEPFLSGTSSNYVEEMYCAWLENPKSVHKSWD
0,APVAAEPFLSGTSSNYVEEMYCAWLENPKSVHKSWDIFFRN
0,HKSWDIFFRNTNAGAPPGTAYQSPLPLSRGSLAAVAHAQSL
0,QPNVDKLVEDHLAVQSLIRAYQIRGHHVAQLDPLGILDADL
0,ADLDSSVPADIISSTDKLGFYGLDESDLDKVFHLPTTTFIG
0,IGGQESALPLREIIRRLEMAYCQHIGVEFMFINDLEQCQWI
0,EVLIPALKTIIDKSSENGVDYVIMGMPHRGRLNVLANVIRK
0,IFCQFDSKLEAADEGSGDVKYHLGMYHRRINRVTDRNITLS
0,DSKLEAADEGSGDVKYHLGMYHRRINRVTDRNITLSLVANP
0,PSHLEAADPVVMGKTKAEQFYCGDTEGKKVMSILLHGDAAF
0,KKVMSILLHGDAAFAGQGIVYETFHLSDLPSYTTHGTVHVV
0,AAFAGQGIVYETFHLSDLPSYTTHGTVHVVVNNQIGFTTDP
0,VVVNNQIGFTTDPRMARSSPYPTDVARVVNAPIFHVNSDDP
0,ARVVNAPIFHVNSDDPEAVMYVCKVAAEWRSTFHKDVVVDL
0,KVAAEWRSTFHKDVVVDLVCYRRNGHNEMDEPMFTQPLMYK
0,ELLVSQGVVNQPEYEEEISKYDKICEEAFARSKDEKILHIK
0,ILKTRGEMVKNRTVDWALAEYMAFGSLLKEGIHIRLSGQDV
0,QNVDKRTCIPMNHLWPNQAPYTVCNSSLSEYGVLGFELGFA
0,MNHLWPNQAPYTVCNSSLSEYGVLGFELGFAMASPNALVLW
0,NDDPDVLPDLKEANFDINQLYDCNWVVVNCSTPGNFFHVLR
0,GPAAQNPENVKRLLFCTGKVYYDLTRERKARDMVGQVAITR
0,IDAVLPNKAPPTYDTVLQMEYLDMVVNETLRLFPIAMRLER
0,KDVEINGMFIPKGVVVMIPSYALHRDPKYWTEPEKFLPERF
0,FIPKGVVVMIPSYALHRDPKYWTEPEKFLPERFSKKNKDNI
0,FLLLFLLLPRDATTATAKPQYVVLVPSEVYSGVPEKACVSL
0,RDATTATAKPQYVVLVPSEVYSGVPEKACVSLNHVNETVML
0,KACVSLNHVNETVMLSLTLEYAMQQTKLLTDQAVDKDSFYC
0,EYAMQQTKLLTDQAVDKDSFYCSPFTISGSPLPYTFITVEI
0,AVDKDSFYCSPFTISGSPLPYTFITVEIKGPTQRFIKKKSI
0,KSIQIIKAESPVFVQTDKPIYKPGQIVKFRVVSVDISFRPL
0,FRVVSVDISFRPLNETFPVVYIETPKRNRIFQWQNIHLAGG
0,LAGGLHQLSFPLSVEPALGIYKVVVQKDSGKKIEHSFEVKE
0,KVVVQKDSGKKIEHSFEVKEYVLPKFEVIIKMQKTMAFLEE
0,KMQKTMAFLEEELPITACGVYTYGKPVPGLVTLRVCRKYSR
0,QKTMAFLEEELPITACGVYTYGKPVPGLVTLRVCRKYSRYR
0,GVYTYGKPVPGLVTLRVCRKYSRYRSTCHNQNSMSICEEFS
0,TYGKPVPGLVTLRVCRKYSRYRSTCHNQNSMSICEEFSQQA
0,GSCEIANALSKLKFTKVNTNYRPGLPFSGQVLLVDEKGKPI
0,DEKGKPIPNKNITSVVSPLGYLSIFTTDEHGLANISIDTSN
0,ANISIDTSNFTAPFLRVVVTYKQNHVCYDNWWLDEFHTQAD
0,SNFTAPFLRVVVTYKQNHVCYDNWWLDEFHTQADHSATLVF
0,DEFHTQADHSATLVFSPSQSYIQLELVFGTLACGQTQEIRI
0,QLELVFGTLACGQTQEIRIHYLLNEDIMKNEKDLTFYYLIK
0,IRIHYLLNEDIMKNEKDLTFYYLIKARGSIFNLGSHVLSLE
0,RIHYLLNEDIMKNEKDLTFYYLIKARGSIFNLGSHVLSLEQ
0,VFSLPIQVEPGMAPEAQLLIYAILPNEELVADAQNFEIEKC
0,AVDQSVLLLKPEAKLSPQSIYNLLPGKTVQGAFFGVPVYKD
0,SIYNLLPGKTVQGAFFGVPVYKDHENCISGEDITHNGIVYT
0,VYKDHENCISGEDITHNGIVYTPKHSLGDNDAHSIFQSVGI
0,INIFTNSKIHKPRFCQEFQHYPAMGGVAPQALAVAASGPGS
0,AASGPGSSFRAMGVPMMGLDYSDEINQVVEVRETVRKYFPE
0,GLDYSDEINQVVEVRETVRKYFPETWIWDLVPLDVSGDGEL
0,LSSTISLQAFQPFFLELTLPYSVVRGEAFTLKATVLNYMSH
0,TLPYSVVRGEAFTLKATVLNYMSHCIQIRVDLEISPDFLAV
0,KDTVVKSVIVEPEGIEKEQTYNTLLCPQDTELQDNWSLELP
0,VLGDILGSAMQNLQNLLQMPYGCGEQNMVLFVPNIYVLNYL
0,LLQMPYGCGEQNMVLFVPNIYVLNYLNETQQLTEAIKSKAI
0,PYGCGEQNMVLFVPNIYVLNYLNETQQLTEAIKSKAINYLI
0,LNYLNETQQLTEAIKSKAINYLISGYQRQLNYQHSDGSYST
0,EAIKSKAINYLISGYQRQLNYQHSDGSYSTFGNHGGGNTPG
0,INYLISGYQRQLNYQHSDGSYSTFGNHGGGNTPGNTWLTAF
0,NAFNWLSMKQKENGCFQQSGYLLNNAMKGGVDDEVTLSAYI
0,GYLLNNAMKGGVDDEVTLSAYITIALLEMPLPVTHSAVRNA
0,ALFCLETAWASISQSQESHVYTKALLAYAFALAGNKAKRSE
0,AWASISQSQESHVYTKALLAYAFALAGNKAKRSELLESLNK
0,EDSLHWQRPGDVQKVKALSFYQPRAPSAEVEMTAYVLLAYL
0,VKALSFYQPRAPSAEVEMTAYVLLAYLTSESSRPTRDLSSS
0,FYQPRAPSAEVEMTAYVLLAYLTSESSRPTRDLSSSDLSTA
0,SHGGFSSTQDTVVALQALSKYGAATFTRSQKEVLVTIESSG
0,VRLPDLPGNYVTKGSGSGCVYLQTSLKYNILPVADGKAPFA
0,GNYVTKGSGSGCVYLQTSLKYNILPVADGKAPFALQVNTLP
0,PLNFDKAGDHRTFQIRINVSYTGERPSSNMVIVDVKMVSGF
0,KLQDQPNIQRTEVNTNHVLIYIEKLTNQTLGFSFAVEQDIP
0,SFAVEQDIPVKNLKPAPIKVYDYYETDEFTVEEYSAPFSDG
0,AVEQDIPVKNLKPAPIKVYDYYETDEFTVEEYSAPFSDGSE
0,VEQDIPVKNLKPAPIKVYDYYETDEFTVEEYSAPFSDGSEQ
0,KPAPIKVYDYYETDEFTVEEYSAPFSDGSEQGNA-------
0,LSVKAKTAHIVLEDGTKMKGYSFGHPSSVAGEVVFNTGLGG
0,SFGHPSSVAGEVVFNTGLGGYPEALTDPAYKGQILTMANPI
0,GEVVFNTGLGGYPEALTDPAYKGQILTMANPIIGNGGAPDT
0,IIGNGGAPDTTARDELGLNKYMESDGIKVAGLLVLNYSNDY
0,GLNKYMESDGIKVAGLLVLNYSNDYNHWLATKSLGQWLQEE
0,YMESDGIKVAGLLVLNYSNDYNHWLATKSLGQWLQEEKVPA
0,HWLATKSLGQWLQEEKVPAIYGVDTRMLTKIIRDKGTMLGK
0,VKRGAEVHLVPWNHDFTQMEYDGLLIAGGPGNPALAQPLIQ
0,PLFGISTGNIITGLAAGAKSYKMSMANRGQNQPVLNITNRQ
0,NQPVLNITNRQAFITAQNHGYALDNTLPAGWKPLFVNVNDQ
0,KPFFAVQFHPEVSPGPTDTEYLFDSFFSLIKKGKGTTITSV
0,LNLVQRNVNIFKFIIPNVVKYSPQCKLLIVSNPVDILTYVA
0,GFPKNRVIGSGCNLDSARFRYLMGERLGVHPLSCHGWVLGE
0,WKDVHKQVVDSAYEVIKLKGYTSWAIGLSVADLAESIMKNL
0,ESIMKNLRRVHPISTMIKGLYGIKEDVFLSVPCILGQNGIS
0,SSFKVEAKKGEWLPGLASPDYLTGSLAGDNGFDPLGLAEDP
0,VFTKIGIINVPEWYDAGKEQYFASSSTLFVIEFILFHYVEI
0,KEQYFASSSTLFVIEFILFHYVEIRRWQDIKNPGSVNQDPI
0,KIHAREIFDSRGNPTVEVDLYTAKGLFRAAVPSGASTGIYE
0,KVFSAHFGQLSIIFLWLSGMYFHGARFSNYEAWLSDPTHIG
0,LSIIFLWLSGMYFHGARFSNYEAWLSDPTHIGPSAQVVWPI
0,ITSGFFQIWRASGITSELQLYCTAIGALVFAALMLFAGWFH
0,CTAIGALVFAALMLFAGWFHYHKAAPKLAWFQDVESMLNHH
0,QLYPSFAEGATPFFTLNWSKYSEFLTFRGGLDPVTGGLWLT
0,TDIAHHHLAIAILFLIAGHMYRTNWGIGHGIKDILEAHKGP
0,IKDILEAHKGPFTGQGHKGLYEILTTSWHAQLSLNLAMLGS
0,QLSLNLAMLGSLTIIVAHHMYSMPPYPYLATDYATQLSLFT
0,LAMLGSLTIIVAHHMYSMPPYPYLATDYATQLSLFTHHMWI
0,MLGSLTIIVAHHMYSMPPYPYLATDYATQLSLFTHHMWIGG
0,TIIVAHHMYSMPPYPYLATDYATQLSLFTHHMWIGGFLIVG
0,IGGFLIVGAAAHAAIFMVRDYDPTNRYNDLLDRVLRHRDAI
0,VGAAAHAAIFMVRDYDPTNRYNDLLDRVLRHRDAIISHLNW
0,AIISHLNWVCIFLGFHSFGLYIHNDTMSALGRPQDMFSDTA
0,RGGTCQVSAWDHVFLGLFWMYNAISVVIFHFSWKMQSDVWG
0,TINGWLRDFLWAQASQVIQSYGSSLSAYGLFFLGAHFVWAF
0,DFLWAQASQVIQSYGSSLSAYGLFFLGAHFVWAFSLMFLFS
0,FLGAHFVWAFSLMFLFSGRGYWQELIESIVWAHNKLKVAPA
0,PATQPRALSIIQGRAVGVTHYLLGGIATTWAFFLARIIAVG
0,LRRDRFVFVGWSGLLLFPCAYFALGGWFTGTTFVTSWYTHG
0,PCAYFALGGWFTGTTFVTSWYTHGLASSYLEGCNFLTAAVS
0,GWFTGTTFVTSWYTHGLASSYLEGCNFLTAAVSTPANSLAH
0,ALIGFMLRQFELARSVQLRPYNAIAFSGPIAVFVSVFLIYP
0,PYNAIAFSGPIAVFVSVFLIYPLGQSGWFFAPSFGVAAIFR
0,VTGLWMSALGVVGLALNLRAYDFVSQEIRAAEDPEFETFYT
0,PGVPGEVEMVKGQPFDVGPRYTQLQYIGEGAYGMVSSAYDH
0,EVEMVKGQPFDVGPRYTQLQYIGEGAYGMVSSAYDHVRKTR
0,SPSPVFSADPGAPAPVNPCCYYPCQHQGICVRFGLDRYQCD
0,PSPVFSADPGAPAPVNPCCYYPCQHQGICVRFGLDRYQCDC
0,PCCYYPCQHQGICVRFGLDRYQCDCTRTGYSGPNCTIPEIW
0,QGICVRFGLDRYQCDCTRTGYSGPNCTIPEIWTWLRTTLRP
0,DTLMRLVLTVRSNLIPSPPTYNIAHDYISWESFSNVSYYTR
0,VLTVRSNLIPSPPTYNIAHDYISWESFSNVSYYTRILPSVP
0,PPTYNIAHDYISWESFSNVSYYTRILPSVPRDCPTPMDTKG
0,PTYNIAHDYISWESFSNVSYYTRILPSVPRDCPTPMDTKGK
0,GKMGPGFTKALGHGVDLGHIYGDNLERQYQLRLFKDGKLKY
0,KALGHGVDLGHIYGDNLERQYQLRLFKDGKLKYQMLNGEVY
0,YGDNLERQYQLRLFKDGKLKYQMLNGEVYPPSVEEAPVLMH
0,YQLRLFKDGKLKYQMLNGEVYPPSVEEAPVLMHYPRGIPPQ
0,QMLNGEVYPPSVEEAPVLMHYPRGIPPQSQMAVGQEVFGLL
0,PQSQMAVGQEVFGLLPGLMLYATIWLREHNRVCDLLKAEHP
0,LFQTARLILIGETIKIVIEEYVQQLSGYFLQLKFDPELLFG
0,ILIGETIKIVIEEYVQQLSGYFLQLKFDPELLFGAQFQYRN
0,SGYFLQLKFDPELLFGAQFQYRNRIAMEFNQLYHWHPLMPD
0,LLFGAQFQYRNRIAMEFNQLYHWHPLMPDSFRVGPQDYSYE
0,NQLYHWHPLMPDSFRVGPQDYSYEQFLFNTSMLVDYGVEAL
0,LYHWHPLMPDSFRVGPQDYSYEQFLFNTSMLVDYGVEALVD
0,RDNGKHALIIYDDLSKQAVAYRQMSLLLRRPPGREAYPGDV
0,QAVAYRQMSLLLRRPPGREAYPGDVFYLHSRLLERAAKMND
0,QMSLLLRRPPGREAYPGDVFYLHSRLLERAAKMNDSFGGGS
0,GGGSLTALPVIETQAGDVSAYIPTNVISITDGQIFLETELF
0,IPTNVISITDGQIFLETELFYKGIRPAINVGLSVSRVGSAA
0,AAQTRAMKQVAGTMKLELAQYREVAAFAQFGSDLDAATQQL
0,ELLKQGQYSPMAIEEQVAVIYAGVRGYLDKLEPSKITKFEN
0,QYSPMAIEEQVAVIYAGVRGYLDKLEPSKITKFENAFLSHV
0,RINNGGNAAGARMSATAASSYAMALADVAKRNDTMELTVTD
0,FLTKIGILNTPSWYTAGEQEYFTDKTTLFVVELILIGWAEG
0,GSVNTDPVFPNNKLTGTDVGYPGGLWFDPLGWGSGSPAKLK
0,EIKNGRLAMLAVMGAWFQHIYTGTGPIDNLFAHLADPGHAT
0,RSLGKGSAPPGPVPEGSIRIYSMRFCPFAERTRLVLKAKGI
0,FKKNPFGLVPVLENSQGQLIYESAITCEYLDEAYPGKKLLP
0,NSQGQLIYESAITCEYLDEAYPGKKLLPDDPYEKACQKMIL
0,ITCEYLDEAYPGKKLLPDDPYEKACQKMILELFSKVPSLVG
0,LFSKVPSLVGSFIRSQNKEDYAGLKEEFRKEFTKLEEVLTN
0,EVLTNKKTTFFGGNSISMIDYLIWPWFERLEAMKLNECVDH
0,DPTVSALLTSEKDWQGFLELYLQNSPEACDYGL--------
0,EKDWQGFLELYLQNSPEACDYGL------------------
0,LTKISSVSPQRIFLKKSTVCYRRVVSVKAQVTTDTTEAPPV
0,GDDAPGETWHIVFTTEGEVPYREGQSIGVIPEGIDKNGKPH
0,TGIAPFRSFLWKMFFEEHEDYKFNGLAWLFLGVPTSSSLLY
0,YKFNGLAWLFLGVPTSSSLLYKEEFEKMKEKNPDNFRLDFA
0,NFRLDFAVSREQTNEKGEKMYIQTRMAEYAEELWELLKKDN
0,SREQTNEKGEKMYIQTRMAEYAEELWELLKKDNTFVYMCGL
0,RMAEYAEELWELLKKDNTFVYMCGLKGMEKGIDDIMVSLAA
0,KGIDDIMVSLAAKDGIDWLEYKKQLKRSEQWNVEVY-----
0,IDWLEYKKQLKRSEQWNVEVY--------------------
0,KQFAKREKQQIKKLESSLKLYAPESAPALALNAQIEKTKRR
0,ALALNAQIEKTKRRFDNYGKYGLLCGSDGLPHLIVNGDQRH
0,IVNGDQRHWGEFITPGILFLYIAGWIGWVGRSYLIAISGEK
0,IDVPLASRIIFRGFIWPVAAYREFLNGDLIAKDV-------
0,--------MSWSLHPRNLILYFYALLFLSSTCVAYVATRDN
0,------MSWSLHPRNLILYFYALLFLSSTCVAYVATRDNCC
0,PRNLILYFYALLFLSSTCVAYVATRDNCCILDERFGSYCPT
0,EQDGSGWWMNKCHAGHLNGVYYQGGTYSKASTPNGYDNGII
0,QDGSGWWMNKCHAGHLNGVYYQGGTYSKASTPNGYDNGIIW
0,WWMNKCHAGHLNGVYYQGGTYSKASTPNGYDNGIIWATWKT
0,VVSGKECEEIIRKGGETSEMYLIQPDSSVKPYRVYCDMNTE
0,RKGGETSEMYLIQPDSSVKPYRVYCDMNTENGGWTVIQNRQ
0,GETSEMYLIQPDSSVKPYRVYCDMNTENGGWTVIQNRQDGS
0,WTVIQNRQDGSVDFGRKWDPYKQGFGNVATNTDGKNYCGLP
0,KWDPYKQGFGNVATNTDGKNYCGLPGEYWLGNDKISQLTRM
0,GFGNVATNTDGKNYCGLPGEYWLGNDKISQLTRMGPTELLI
0,KGDKVKAHYGGFTVQNEANKYQISVNKYRGTAGNALMDGAS
0,HYGGFTVQNEANKYQISVNKYRGTAGNALMDGASQLMGENR
0,SQLMGENRTMTIHNGMFFSTYDRDNDGWLTSDPRKQCSKED
0,GWLTSDPRKQCSKEDGGGWWYNRCHAANPNGRYYWGGQYTW
0,KEDGGGWWYNRCHAANPNGRYYWGGQYTWDMAKHGTDDGVV
0,EDGGGWWYNRCHAANPNGRYYWGGQYTWDMAKHGTDDGVVW
0,WWYNRCHAANPNGRYYWGGQYTWDMAKHGTDDGVVWMNWKG
0,DMAKHGTDDGVVWMNWKGSWYSMRKMSMKIRPFFPQQ----
0,AIVGVWQERNAENAIEALKEYEPEMGKVYRQDRKSVQRIKA
0,RNAENAIEALKEYEPEMGKVYRQDRKSVQRIKAKDIVPGDI
0,INIGHFNDPVHGGSWIRGAIYYFKIAVALAVAAIPEGLPAV
0,NIGHFNDPVHGGSWIRGAIYYFKIAVALAVAAIPEGLPAVI
0,LDKVEGDTCSLNEFTITGSTYAPIGEVQKDDKPVKCHQYDG
0,STYAPIGEVQKDDKPVKCHQYDGLVELATICALCNDSALDY
0,YDGLVELATICALCNDSALDYNEAKGVYEKVGEATETALTC
0,ATICALCNDSALDYNEAKGVYEKVGEATETALTCLVEKMNV
0,QLMKKEFTLEFSRDRKSMSVYCTPNKPSRTSMSKMFVKGAP
0,HDNPLRREEMHLEDSANFIKYETNLTFVGCVGMLDPPRIEV
0,VLADDNFSTIVAAVEEGRAIYNNMKQFIRYLISSNVGEVVC
0,IVAAVEEGRAIYNNMKQFIRYLISSNVGEVVCIFLTAALGF
0,MNKPPRNPKEPLISGWLFFRYLAIGCYVGAATVGAAAWWFI
0,NPKEPLISGWLFFRYLAIGCYVGAATVGAAAWWFIAADGGP
0,TVGAAAWWFIAADGGPRVSFYQLSHFLQCKEDNPDFEGVDC
0,QCKEDNPDFEGVDCAIFESPYPMTMALSVLVTIEMCNALNS
0,ENIWLVGSICLSMSLHFLILYVEPLPLIFQITPLNLTQWLM
0,CTDGISWPFVLLIMPLVVWVYSTDTNFSDMFWS--------
0,IKEAVPEMWSPAMKNAWGEAYDQLVNAIKSEMKPSS-----
0,----------------MKTLYSLRRFYHVETLFNGTLALAG
0,----------MKTLYSLRRFYHVETLFNGTLALAGRDQETT
0,FWAGAMNLFEVAHFVPEKPMYEQGLILLPHLATLGWGVGPG
0,HLATLGWGVGPGGEVIDTFPYFVSGVLHLISSAVLGFGGIY
0,YFVSGVLHLISSAVLGFGGIYHALLGPETLEESFPFFGYVW
0,GIYHALLGPETLEESFPFFGYVWKDRNKMTTILGIHLILLG
0,LGIHLILLGVGAFLLVFKALYFGGVYDTWAPGGGDVRKITN
0,ILLGVGAFLLVFKALYFGGVYDTWAPGGGDVRKITNLTLSP
0,HILTKPFAWARRALVWSGEAYLSYSLAALSVCGFIACCFVW
0,TKPFAWARRALVWSGEAYLSYSLAALSVCGFIACCFVWFNN
0,AALSVCGFIACCFVWFNNTAYPSEFYGPTGPEASQAQAFTF
0,CGFIACCFVWFNNTAYPSEFYGPTGPEASQAQAFTFLVRDQ
0,RDQRLGANVGSAQGPTGLGKYLMRSPTGEVIFGGETMRFWD
0,LDLSRLKKDIQPWQERRSAEYMTHAPLGSLNSVGGVATEIN
0,APLGSLNSVGGVATEINAVNYVSPRSWLSTSHFVLGFFLFV
0,NTFSWIREEITRSISVSLIIYIITWASISSAYPIFAQQNYE
0,RSISVSLIIYIITWASISSAYPIFAQQNYENPREATGRIVC
0,IYIITWASISSAYPIFAQQNYENPREATGRIVCANCHLANK
0,IEVPQTVLPDTVFEAVVKIPYDMQLKQVLANGKKGALNVGA
0,PPDRISPEMKEKIGNLSFQNYRPNKKNILVIGPVPGQKYSE
0,ITFPILAPDPATNKDVHFLKYPIYVGGNRGRGQIYPDGSKS
0,VYNATAGGIISKILRKEKGGYEITIVDASNGREVIDIIPRG
0,RRTRRPGEPPLDLGSIPWLGYALDFGKDAASFLTRMKEKHG
0,FLTRMKEKHGDIFTILVGGRYVTVLLDPHSYDAVVWEPRTR
0,DPHSYDAVVWEPRTRLDFHAYAIFLMERIFDVQLPHYSPSD
0,DFHAYAIFLMERIFDVQLPHYSPSDEKARMKLTLLHRELQA
0,KARMKLTLLHRELQALTEAMYTNLHAVLLGDATEAGSGWHE
0,LGDATEAGSGWHEMGLLDFSYSFLLRAGYLTLYGIEALPRT
0,SGWHEMGLLDFSYSFLLRAGYLTLYGIEALPRTHESQAQDR
0,EMGLLDFSYSFLLRAGYLTLYGIEALPRTHESQAQDRVHSA
0,KLLSPARLARRAHRSKWLESYLLHLEEMGVSEEMQARALVL
0,RRGDRLLLFPFLSPQRDPEIYTDPEVFKYNRFLNPDGSEKK
0,FPFLSPQRDPEIYTDPEVFKYNRFLNPDGSEKKDFYKDGKR
0,PEVFKYNRFLNPDGSEKKDFYKDGKRLKNYNMPWGAGHNHC
0,LNPDGSEKKDFYKDGKRLKNYNMPWGAGHNHCLGRSYAVNS
0,RLKNYNMPWGAGHNHCLGRSYAVNSIKQFVFLVLVHLDLEL
0,HLDLELINADVEIPEFDLSRYGFGLMQPEHDVPVRYRIRP-
0,FDLSRYGFGLMQPEHDVPVRYRIRP----------------
0,PCCSHPCQNRGVCMSVGFDQYKCDCTRTGFYGENCSTPEFL
0,GVCMSVGFDQYKCDCTRTGFYGENCSTPEFLTRIKLFLKPT
0,TPEFLTRIKLFLKPTPNTVHYILTHFKGFWNVVNNIPFLRN
0,FKGFWNVVNNIPFLRNAIMSYVLTSRSHLIDSPPTYNADYG
0,NAIMSYVLTSRSHLIDSPPTYNADYGYKSWEAFSNLSYYTR
0,SYVLTSRSHLIDSPPTYNADYGYKSWEAFSNLSYYTRALPP
0,VLTSRSHLIDSPPTYNADYGYKSWEAFSNLSYYTRALPPVP
0,NTLYHWHPLLPDTFQIHDQKYNYQQFIYNNSILLEHGITQF
0,LYHWHPLLPDTFQIHDQKYNYQQFIYNNSILLEHGITQFVE
0,PLLPDTFQIHDQKYNYQQFIYNNSILLEHGITQFVESFTRQ
0,EVGAPFSLKGLMGNVICSPAYWKPSTFGGEVGFQIINTASI
0,ADDLPKRSNSVAGGRGDDDEYVEITLDIRDDSVAVHSVQQA
0,IISLSASANKLSNIQKQAKEYAALIMEELDPDNAGFIMIEN
0,QKLRPAKESNPLVRWSEKIKYFILDNWQRLWIMMLWLGICG
0,NWQRLWIMMLWLGICGGLFTYKFIQYKNKAAYGVMGYCVCV
0,WIMMLWLGICGGLFTYKFIQYKNKAAYGVMGYCVCVAKGGA
0,LGICGGLFTYKFIQYKNKAAYGVMGYCVCVAKGGAETLKFN
0,GLFTYKFIQYKNKAAYGVMGYCVCVAKGGAETLKFNMALIL
0,HAGAHLTCDFPRLIAADEDTYEPMEKYFGDQPTSYWWFVKG
0,TCDFPRLIAADEDTYEPMEKYFGDQPTSYWWFVKGVEGWTG
0,AADEDTYEPMEKYFGDQPTSYWWFVKGVEGWTGIVMVVLMA
0,RNKLNLPNFLKKLTGFNAFWYTHHLFIIVYALLIVHGIKLY
0,LKKLTGFNAFWYTHHLFIIVYALLIVHGIKLYLTKIWYQKT
0,YTHHLFIIVYALLIVHGIKLYLTKIWYQKTTWMYLAVPILL
0,IIVYALLIVHGIKLYLTKIWYQKTTWMYLAVPILLYASERL
0,IVHGIKLYLTKIWYQKTTWMYLAVPILLYASERLLRAFRSS
0,LTKIWYQKTTWMYLAVPILLYASERLLRAFRSSIKPVKMIK
0,RLLRAFRSSIKPVKMIKVAVYPGNVLSLHMTKPQGFKYKSG
0,VAVYPGNVLSLHMTKPQGFKYKSGQFMLVNCRAVSPFEWHP
0,RAVSPFEWHPFSITSAPGDDYLSVHIRTLGDWTRKLRTVFS
0,LRADGGDGNLPFPKVLIDGPYGAPAQDYKKYDVVLLVGLGI
0,GNLPFPKVLIDGPYGAPAQDYKKYDVVLLVGLGIGATPMIS
0,PFPKVLIDGPYGAPAQDYKKYDVVLLVGLGIGATPMISILK
0,SDIENNNSNNNSKGFKTRKAYFYWVTREQGSFEWFKGIMDE
0,IENNNSNNNSKGFKTRKAYFYWVTREQGSFEWFKGIMDEIS
0,KGIMDEISELDEEGIIELHNYCTSVYEEGDARVALIAMLQS
0,EISELDEEGIIELHNYCTSVYEEGDARVALIAMLQSLQHAK
0,YLGPFSVQTPSYLTGEFPGDYGWDTAGLSADPEAFAKNRAL
0,FKEPVWFKAGSQIFSEGGLDYLGNPNLVHAQSILAVLGFQV
0,GLVEGFRINGLDGVGEGNDLYPGGQYFDPLGLADDPVTFAE
0,FRINGLDGVGEGNDLYPGGQYFDPLGLADDPVTFAELKVKE
0,HFNHSSKTFVVIHGWTVTGMYESWVPKLVAALYKREPDSNV
0,HGWTVTGMYESWVPKLVAALYKREPDSNVIVVDWLYRAQQH
0,LVAALYKREPDSNVIVVDWLYRAQQHYPVSAGYTKLVGNDV
0,NVIVVDWLYRAQQHYPVSAGYTKLVGNDVARFINWLEEEFN
0,TKLVGNDVARFINWLEEEFNYPLDNVHLLGYSLGAHAAGVA
0,FINWLEEEFNYPLDNVHLLGYSLGAHAAGVAGSLTNKKVNR
0,LTNKKVNRITGLDPAGPNFEYAEAPSRLSPDDADFVDVLHT
0,TRGSPGRSIGIQKPVGHVDIYPNGGTFQPGCNIGEAIRVIA
0,EAISGASGFPIMGLDVWEHAYYLKFQNRRPDYIKEFWNVVN
0,AISGASGFPIMGLDVWEHAYYLKFQNRRPDYIKEFWNVVNW
0,MGLDVWEHAYYLKFQNRRPDYIKEFWNVVNWDEAAARFAAK
0,TGYDLSASTFSPDGRVFQVEYAMKAVENSSTAIGIRCKDGV
0,GIRCKDGVVFGVEKLVLSKLYEEGSNKRLFNVDRHVGMAVA
0,ARSLADIAREEASNFRSNFGYNIPLKHLADRVAMYVHAYTL
0,FRSNFGYNIPLKHLADRVAMYVHAYTLYSAVRPFGCSFMLG
0,FGYNIPLKHLADRVAMYVHAYTLYSAVRPFGCSFMLGSYSV
0,NIPLKHLADRVAMYVHAYTLYSAVRPFGCSFMLGSYSVNDG
0,HAYTLYSAVRPFGCSFMLGSYSVNDGAQLYMIDPSGVSYGY
0,RPFGCSFMLGSYSVNDGAQLYMIDPSGVSYGYWGCAIGKAR
0,GSYSVNDGAQLYMIDPSGVSYGYWGCAIGKARQAAKTEIEK
0,YSVNDGAQLYMIDPSGVSYGYWGCAIGKARQAAKTEIEKLQ
0,KLQMKEMTCRDIVKEVAKIIYIVHDEVKDKAFELELSWVGE
0,ELTNGRHEIVPKDIREEAEKYAKESLKEEDESDDDNM----
0,RAQEAVVNGRPFSETLVEVLYNINEQLQTDDVDVPLTKVRP
0,LEYTVISVGKKGNSYFLRRPYIPVDKYLEAGTLPTAKEAQA
0,VADDVFSLFISEEVDKVELLYTKFVSLVKSEPVIHTLLPLS
0,SPILQFEQDPVQILDALLPLYLNSQILRALQESLASELAAR
0,SAMSSASDNASDLKKSLSMVYNRKRQAKITGEILEIVAGAN
0,ESESLWGRFCNWITSTENRLYIGWFGVLMIPTLLTATSVFI
0,IAAPPVDIDGIREPVSGSLLYGNNIISGAIIPTSAAIGLHF
0,GNNIISGAIIPTSAAIGLHFYPIWEAASVDEWLYNGGPYEL
0,AAIGLHFYPIWEAASVDEWLYNGGPYELIVLHFLLGVACYM
0,HFYPIWEAASVDEWLYNGGPYELIVLHFLLGVACYMGREWE
0,LYNGGPYELIVLHFLLGVACYMGREWELSFRLGMRPWIAVA
0,MGREWELSFRLGMRPWIAVAYSAPVAAATAVFLIYPIGQGS
0,PWIAVAYSAPVAAATAVFLIYPIGQGSFSDGMPLGISGTFN
0,SLVTSSLIRETTENESANEGYRFGQEEETYNIVAAHGYFGR
0,ETTENESANEGYRFGQEEETYNIVAAHGYFGRLIFQYASFN
0,NEGYRFGQEEETYNIVAAHGYFGRLIFQYASFNNSRSLHFF
0,QGGINAALGNMEEDNWRWHFYDTVKGSDWLGDQDAIHYMTE
0,WHFYDTVKGSDWLGDQDAIHYMTEQAPASVVELENYGMPFS
0,QDAIHYMTEQAPASVVELENYGMPFSRTEDGRIYQRAFGGQ
0,SVVELENYGMPFSRTEDGRIYQRAFGGQSLKFGKGGQAHRC
0,QAHRCCCVADRTGHSLLHTLYGRSLRYDTSYFVEYFALDLL
0,CVADRTGHSLLHTLYGRSLRYDTSYFVEYFALDLLMENGEC
0,RTGHSLLHTLYGRSLRYDTSYFVEYFALDLLMENGECRGVI
0,SLLHTLYGRSLRYDTSYFVEYFALDLLMENGECRGVIALCI
0,IEDGSIHRIRAKNTIIATGGYGRTYFSCTSAHTSTGDGTAM
0,SIHRIRAKNTIIATGGYGRTYFSCTSAHTSTGDGTAMVTRA
0,TRAGLPCQDLEFVQFHPTGIYGAGCLITEGCRGEGGILINS
0,GCRGEGGILINSQGERFMERYAPVAKDLASRDVVSRSMTLE
0,RSMTLEIREGRGCGPEKDHVYLQLHHLPPEQLATRLPGISE
0,MIFAGVDVTKEPIPVLPTVHYNMGGIPTNYKGQVLKHVNGQ
0,KEPIPVLPTVHYNMGGIPTNYKGQVLKHVNGQDQIVPGLYA
0,NYKGQVLKHVNGQDQIVPGLYACGEAACASVHGANRLGANS
0,AAVFRVGSVLQEGCEKVSQLYGDLQHLKTFDRGMVWNTDLV
0,TDLVETLELQNLMLCALQTIYGAEARKESRGAHAREDYKVR
0,QTIYGAEARKESRGAHAREDYKVRIDEYDYSKPIEGQQKKP
0,ARKESRGAHAREDYKVRIDEYDYSKPIEGQQKKPFAEHWRK
0,KESRGAHAREDYKVRIDEYDYSKPIEGQQKKPFAEHWRKHT
0,PIEGQQKKPFAEHWRKHTLSYVDTKTGKVTLDYRPVIDKTL
0,HWRKHTLSYVDTKTGKVTLDYRPVIDKTLNEADCATVPPAI
0,VIDKTLNEADCATVPPAIRSY--------------------
0,ATAVVDGAFKEVKLSDYKGKYVVLFFYPLDFTFVCPTEIIA
0,GAFKEVKLSDYKGKYVVLFFYPLDFTFVCPTEIIAFSNRAE
0,GLGPLNIPLLADVTRRLSEDYGVLKTDEGIAYRGLFIIDGK
0,NDLPVGRSVDEALRLVQAFQYTDEHGEVCPAGWKPGSDTIK
0,PAGWKPGSDTIKPNVDDSKEYFSKHN---------------
0,HKTGPNLHGLFGRKTGQAPGYSYTAANKNKGIIWGEDTLME
0,TGPNLHGLFGRKTGQAPGYSYTAANKNKGIIWGEDTLMEYL
0,NKGIIWGEDTLMEYLENPKKYIPGTKMIFVGIKKKEERADL
0,GTKMIFVGIKKKEERADLIAYLKKATNE-------------
0,KLIAQIEKGKPFFEKLSRNIYLRAIRDGFISAMPVILFSSI
0,DGFISAMPVILFSSIFLLIAYVPNIFGFKWDKGMEAILMKP
0,VPNIFGFKWDKGMEAILMKPYNYTMGLVAFLVAGTTAKSLT
0,NIFGFKWDKGMEAILMKPYNYTMGLVAFLVAGTTAKSLTDS
0,FMGTKGLLTAFLSAFVTVIVYNFCVKRNITIKMPKEVPPNI
0,PNISQVFKDLIPFSAVIIILYALDLVIRNSFKSNVAEGILK
0,FWFVGIHGPSIVEPAIAAITYANIEANFKLLQAGEHADKII
0,GFGLWSFVLAITLIVVDIIIYYPFLKVYDSEILDEEEGRKE
0,FGLWSFVLAITLIVVDIIIYYPFLKVYDSEILDEEEGRKES
0,RVKAEDTVTVENVLKQNELQYKVLISNLRNVVEAQFDSRVR
0,NLRNVVEAQFDSRVRATGHSYEKYNKWETIEAWTQQVATEN
0,NVVEAQFDSRVRATGHSYEKYNKWETIEAWTQQVATENPAL
0,ENPALISRSVIGTTFEGRAIYLLKVGKAGQNKPAIFMDCGF
0,AREWISPAFCQWFVREAVRTYGREIQVTELLDKLDFYVLPV
0,AVRTYGREIQVTELLDKLDFYVLPVLNIDGYIYTWTKSRFW
0,VTELLDKLDFYVLPVLNIDGYIYTWTKSRFWRKTRSTHTGS
0,ELLDKLDFYVLPVLNIDGYIYTWTKSRFWRKTRSTHTGSSC
0,RNFDAGWCEIGASRNPCDETYCGPAAESEKETKALADFIRN
0,EKETKALADFIRNKLSSIKAYLTIHSYSQMMIYPYSYAYKL
0,LADFIRNKLSSIKAYLTIHSYSQMMIYPYSYAYKLGENNAE
0,NKLSSIKAYLTIHSYSQMMIYPYSYAYKLGENNAELNALAK
0,LSSIKAYLTIHSYSQMMIYPYSYAYKLGENNAELNALAKAT
0,ETVNIWSHLLGFFLFFTLGIYDMTSVLPSASASREDFVICS
0,FVICSICLFCFQVCMLCSVGYHLFSCHRSEKTCRRWMALDY
0,YHLFSCHRSEKTCRRWMALDYAGISIGILGCYVSGVFYAFY
0,TCRRWMALDYAGISIGILGCYVSGVFYAFYCNNYWRQVYLI
0,ALDYAGISIGILGCYVSGVFYAFYCNNYWRQVYLITVLAMI
0,YAGISIGILGCYVSGVFYAFYCNNYWRQVYLITVLAMILAV
0,SIGILGCYVSGVFYAFYCNNYWRQVYLITVLAMILAVFFAQ
0,GCYVSGVFYAFYCNNYWRQVYLITVLAMILAVFFAQIHPNY
0,YLITVLAMILAVFFAQIHPNYLTQQWQRLRSIIFCSVSGYG
0,NYLTQQWQRLRSIIFCSVSGYGVIPTLHWVWLNGGIGAPIV
0,LNGGIGAPIVQDFAPRVIVMYMIALLAFLFYISKVPERYFP
0,QDFAPRVIVMYMIALLAFLFYISKVPERYFPGQLNYLGSSH
0,VMYMIALLAFLFYISKVPERYFPGQLNYLGSSHQIWHILAV
0,LAFLFYISKVPERYFPGQLNYLGSSHQIWHILAVVMLYWWH
0,QLNYLGSSHQIWHILAVVMLYWWHQSTVYVMQYRHSKPCPD
0,HQIWHILAVVMLYWWHQSTVYVMQYRHSKPCPDYVSHL---
0,HILAVVMLYWWHQSTVYVMQYRHSKPCPDYVSHL-------
0,WWHQSTVYVMQYRHSKPCPDYVSHL----------------
0,KHKTDLNHENLKGGDDLDPNYVLSSRVRTGRSIKGYTLPPH
0,PPVKQGANRPLWFASSQSLSYLDGSLPGDYGFDPLGLSDPE
0,PLWFASSQSLSYLDGSLPGDYGFDPLGLSDPEGTGGFIEPR
0,PLGLSDPEGTGGFIEPRWLAYGEIINGRFAMLGAAGAIAPE
0,IPAETALPWFQTGVIPPAGTYTYWADNYTLFVLEMALMGFA
0,AETALPWFQTGVIPPAGTYTYWADNYTLFVLEMALMGFAEH
0,PWFQTGVIPPAGTYTYWADNYTLFVLEMALMGFAEHRRLQD
0,LFVLEMALMGFAEHRRLQDWYNPGSMGKQYFLGLEKGLAGS
0,MGKQYFLGLEKGLAGSGNPAYPGGPFFNPLGFGKDEKSLKE
0,KELKLKEVKNGRLAMLAILGYFIQGLVTGVGPYQNLLDHLA
0,LAMLAILGYFIQGLVTGVGPYQNLLDHLADPVNNNVLTSLK
0,QSWRVEAEEWGKFLHTKNKLYTDFDEIRQEIENETERISGN
0,NRSQLDINNKKSVTDSIRDEYAFLQKKYPSLANRNGTKYLA
0,NNKKSVTDSIRDEYAFLQKKYPSLANRNGTKYLARTLNRLL
0,DEYAFLQKKYPSLANRNGTKYLARTLNRLLMHHIRDCLPEL
0,HHIRDCLPELKTRINVLAAQYQSLLNSYGEPVDDKSATLLQ
0,PELKTRINVLAAQYQSLLNSYGEPVDDKSATLLQLITKFAT
0,EPVDDKSATLLQLITKFATEYCNTIEGTAKYIETSELCGGA
0,LQLITKFATEYCNTIEGTAKYIETSELCGGARICYIFHETF
0,IEGTAKYIETSELCGGARICYIFHETFGRTLESVDPLGGLN
0,RKRLPVTNEMVHNLVAIELAYINTKHPDFADACGLMNNNIE
0,RKLSAREQRDCEVIERLIKSYFLIVRKNIQDSVPKAVMHFL
0,MHFLVNHVKDTLQSELVGQLYKSSLLDDLLTESEDMAQRRK
0,SIVGRPRHQGVMVGMGQKDSYVGDEAQSKRGILTLKYPIEH
0,QKDSYVGDEAQSKRGILTLKYPIEHGIITNWDDMEKIWHHT
0,IEHGIITNWDDMEKIWHHTFYNELRVAPEEHPTLLTEAPLN
0,KANREKMTQIMFETFNVPAMYVAIQAVLSLYASGRTTGIVL
0,MFETFNVPAMYVAIQAVLSLYASGRTTGIVLDSGDGVTHNV
0,GQFHDLMELFKIGGNCPDTNYLFMGDYVDRGFYSVETVTLL
0,MELFKIGGNCPDTNYLFMGDYVDRGFYSVETVTLLVALKVR
0,GGNCPDTNYLFMGDYVDRGFYSVETVTLLVALKVRYKDRVT
0,VDRGFYSVETVTLLVALKVRYKDRVTILRGNHESRQITQVY
0,YKDRVTILRGNHESRQITQVYGFYDECLRKYGNPNVWKLFT
0,RVTILRGNHESRQITQVYGFYDECLRKYGNPNVWKLFTDLF
0,NHESRQITQVYGFYDECLRKYGNPNVWKLFTDLFDYLPLTA
0,ECLRKYGNPNVWKLFTDLFDYLPLTALIENQVFCLHGGLSP
0,HEGAMCDLLWSDPDDRLGFGYSPRGAGYTFGKDISEQFNHN
0,LLWSDPDDRLGFGYSPRGAGYTFGKDISEQFNHNNGLTLVA
0,FNHNNGLTLVARAHQLVMEGYNWCHDQNVVTIFSAPNYCYR
0,MEGYNWCHDQNVVTIFSAPNYCYRCGNLAAIMEIDEKMKHT
0,GYNWCHDQNVVTIFSAPNYCYRCGNLAAIMEIDEKMKHTFL
0,GLAIWAVTLAGILAGGALLVYNTSALAQ-------------
0,------------------MAYSQGGGKKKVCYYYDGDIGNY
0,-------MAYSQGGGKKKVCYYYDGDIGNYYYGQGHPMKPH
0,------MAYSQGGGKKKVCYYYDGDIGNYYYGQGHPMKPHR
0,-----MAYSQGGGKKKVCYYYDGDIGNYYYGQGHPMKPHRI
0,YSQGGGKKKVCYYYDGDIGNYYYGQGHPMKPHRIRMTHNLL
0,SQGGGKKKVCYYYDGDIGNYYYGQGHPMKPHRIRMTHNLLL
0,QGGGKKKVCYYYDGDIGNYYYGQGHPMKPHRIRMTHNLLLN
0,GQGHPMKPHRIRMTHNLLLNYGLYRKMEIYRPHKATAEEMT
0,HPMKPHRIRMTHNLLLNYGLYRKMEIYRPHKATAEEMTKYH
0,RIRMTHNLLLNYGLYRKMEIYRPHKATAEEMTKYHSDEYIK
0,LYRKMEIYRPHKATAEEMTKYHSDEYIKFLRSIRPDNMSEY
0,YHSDEYIKFLRSIRPDNMSEYSKQMQRFNVGEDCPVFDGLF
0,AVNWAGGLHHAKKSEASGFCYVNDIVLAILELLKYHQRVLY
0,YVNDIVLAILELLKYHQRVLYIDIDIHHGDGVEEAFYTTDR
0,QRVLYIDIDIHHGDGVEEAFYTTDRVMTVSFHKYGEYFPGT
0,DGVEEAFYTTDRVMTVSFHKYGEYFPGTGDLRDIGAGKGKY
0,EEAFYTTDRVMTVSFHKYGEYFPGTGDLRDIGAGKGKYYAV
0,YGEYFPGTGDLRDIGAGKGKYYAVNFPMRDGIDDESYGQIF
0,GEYFPGTGDLRDIGAGKGKYYAVNFPMRDGIDDESYGQIFK
0,GKGKYYAVNFPMRDGIDDESYGQIFKPIISKVMEMYQPSAV
0,IDDESYGQIFKPIISKVMEMYQPSAVVLQCGADSLSGDRLG
0,KCVEVVKTFNLPLLMLGGGGYTIRNVARCWTYETAVALDCE
0,PLLMLGGGGYTIRNVARCWTYETAVALDCEIPNELPYNDYF
0,RCWTYETAVALDCEIPNELPYNDYFEYFGPDFKLHISPSNM
0,TYETAVALDCEIPNELPYNDYFEYFGPDFKLHISPSNMTNQ
0,TAVALDCEIPNELPYNDYFEYFGPDFKLHISPSNMTNQNTP
0,GPDFKLHISPSNMTNQNTPEYMEKIKQRLFENLRMLPHAPG
0,KIVYGHLDDPASQEIERGKSYLRLRPDRVAMQDATAQMAML
0,RRAKDINQEVYNFLATAGAKYGVGFWKPGSGIIHQIILENY
0,YGVGFWKPGSGIIHQIILENYAYPGVLLIGTDSHTPNGGGL
0,VGFWKPGSGIIHQIILENYAYPGVLLIGTDSHTPNGGGLGG
0,VILKVAGILTVKGGTGAIVEYHGPGVDSISCTGMATICNMG
0,GMATICNMGAEIGATTSVFPYNHRMKKYLSKTGREDIANLA
0,MGAEIGATTSVFPYNHRMKKYLSKTGREDIANLADEFKDHL
0,DIANLADEFKDHLVPDPGCHYDQLIEINLSELKPHINGPFT
0,KEGWPLDIRVGLIGSCTNSSYEDMGRSAAVAKQALAHGLKC
0,SQFTITPGSEQIRATIERDGYAQILRDLGGIVLANACGPCI
0,EVVSIEGIHPKVMERLIEFAYTASISMGEKCVLHVMNGAVM
0,TASISMGEKCVLHVMNGAVMYQIDSVVRACSDFLVQQLDPS
0,GIANFAEQIGCVELHQRAREYIYMHFGEVAKQEEFFNLSHC
0,ANFAEQIGCVELHQRAREYIYMHFGEVAKQEEFFNLSHCQL
0,DDLNVRCESEVFHACINWVKYDCEQRRFYVQALLRAVRCHS
0,SEVFHACINWVKYDCEQRRFYVQALLRAVRCHSLTPNFLQM
0,FLQMQLQKCEILQSDSRCKDYLVKIFEELTLHKPTQVMPCR
0,TLHKPTQVMPCRAPKVGRLIYTAGGYFRQSLSYLEAYNPSD
0,TQVMPCRAPKVGRLIYTAGGYFRQSLSYLEAYNPSDGTWLR
0,APKVGRLIYTAGGYFRQSLSYLEAYNPSDGTWLRLADLQVP
0,LADLQVPRSGLAGCVVGGLLYAVGGRNNSPDGNTDSSALDC
0,AVGGRNNSPDGNTDSSALDCYNPMTNQWSPCAPMSVPRNRI
0,CAPMSVPRNRIGVGVIDGHIYAVGGSHGCIHHNSVERYEPE
0,GHIYAVGGSHGCIHHNSVERYEPERDEWHLVAPMLTRRIGV
0,RLLYAVGGFDGTNRLNSAECYYPERNEWRMITAMNTIRSGA
0,LLYAVGGFDGTNRLNSAECYYPERNEWRMITAMNTIRSGAG
0,ITAMNTIRSGAGVCVLHNCIYAAGGYDGQDQLNSVERYDVE
0,TIRSGAGVCVLHNCIYAAGGYDGQDQLNSVERYDVETETWT
0,VAPMKHRRSALGITVHQGRIYVLGGYDGHTFLDSVECYDPD
0,HRRSALGITVHQGRIYVLGGYDGHTFLDSVECYDPDTDTWS
0,GRIYVLGGYDGHTFLDSVECYDPDTDTWSEVTRMTSGRSGV
0,LVLLLLVLLPTDASVSGKPQYMVLVPSLLHTETTEKGCVLL
0,VLVPSLLHTETTEKGCVLLSYLNETVTVSASLESVRGNRSL
0,TTVMVKNEDSLVFVQTDKSIYKPGQTVKFRVVSMDENFHPL
0,FRVVSMDENFHPLNELIPLVYIQDPKGNRIAQWQSFQLEGG
0,LEGGLKQFSFPLSSEPFQGSYKVVVQKKSGGRTEHPFTVEE
0,TVPKIITILEEEMNVSVCGLYTYGKPVPGHVTVSICRKYSD
0,PKIITILEEEMNVSVCGLYTYGKPVPGHVTVSICRKYSDAS
0,GLYTYGKPVPGHVTVSICRKYSDASDCHGEDSQAFCEKFSG
0,EDSQAFCEKFSGQLNSHGCFYQQVKTKVFQLKRKEYEMKLH
0,SHGCFYQQVKTKVFQLKRKEYEMKLHTEAQIQEEGTVVELT
0,DGKGVPIPNKVIFIRGNEANYYSNATTDEHGLVQFSINTTN
0,GKGVPIPNKVIFIRGNEANYYSNATTDEHGLVQFSINTTNV
0,VQFSINTTNVMGTSLTVRVNYKDRSPCYGYQWVSEEHEEAH
0,TNVMGTSLTVRVNYKDRSPCYGYQWVSEEHEEAHHTAYLVF
0,VMGTSLTVRVNYKDRSPCYGYQWVSEEHEEAHHTAYLVFSP
0,SPCYGYQWVSEEHEEAHHTAYLVFSPSKSFVHLEPMSHELP
0,HLEPMSHELPCGHTQTVQAHYILNGGTLLGLKKLSFYYLIM
0,VLGDILGSAMQNTQNLLQMPYGCGEQNMVLFAPNIYVLDYL
0,LLQMPYGCGEQNMVLFAPNIYVLDYLNETQQLTPEIKSKAI
0,PYGCGEQNMVLFAPNIYVLDYLNETQQLTPEIKSKAIGYLN
0,ETQQLTPEIKSKAIGYLNTGYQRQLNYKHYDGSYSTFGERY
0,PEIKSKAIGYLNTGYQRQLNYKHYDGSYSTFGERYGRNQGN
0,KSKAIGYLNTGYQRQLNYKHYDGSYSTFGERYGRNQGNTWL
0,IGYLNTGYQRQLNYKHYDGSYSTFGERYGRNQGNTWLTAFV
0,KDNSVHWERPQKPKAPVGHFYEPQAPSAEVEMTSYVLLAYL
0,APVGHFYEPQAPSAEVEMTSYVLLAYLTAQPAPTSEDLTSA
0,FYEPQAPSAEVEMTSYVLLAYLTAQPAPTSEDLTSATNIVK
0,AQGGFSSTQDTVVALHALSKYGAATFTRTGKAAQVTIQSSG
0,VDNNNRLLLQQVSLPELPGEYSMKVTGEGCVYLQTSLKYNI
0,RHQSACKDSDWPFCSDEDWNYKCPSGCRMKGLIDEVNQDFT
0,TNIMEILRGDFSSANNRDNTYNRVSEDLRSRIEVLKRKVIE
0,KQFTSSTSYNRGDSTFESKSYKMADEAGSEADHEGTHSTKR
0,GTQSGIFNIKLPGSSKIFSVYCDQETSLGGWLLIQQRMDGS
0,WLLIQQRMDGSLNFNRTWQDYKRGFGSLNDEGEGEFWLGND
0,LTQRGSVLRVELEDWAGNEAYAEYHFRVGSEAEGYALQVSS
0,RGSVLRVELEDWAGNEAYAEYHFRVGSEAEGYALQVSSYEG
0,WAGNEAYAEYHFRVGSEAEGYALQVSSYEGTAGDALIEGSV
0,AEYHFRVGSEAEGYALQVSSYEGTAGDALIEGSVEEGAEYT
0,SYEGTAGDALIEGSVEEGAEYTSHNNMQFSTFDRDADQWEE
0,MQFSTFDRDADQWEENCAEVYGGGWWYNNCQAANLNGIYYP
0,DRDADQWEENCAEVYGGGWWYNNCQAANLNGIYYPGGSYDP
0,EVYGGGWWYNNCQAANLNGIYYPGGSYDPRNNSPYEIENGV
0,VYGGGWWYNNCQAANLNGIYYPGGSYDPRNNSPYEIENGVV
0,WWYNNCQAANLNGIYYPGGSYDPRNNSPYEIENGVVWVSFR
0,ANLNGIYYPGGSYDPRNNSPYEIENGVVWVSFRGADYSLRA
0,NNSPYEIENGVVWVSFRGADYSLRAVRMKIRPLVTQ-----
0,EMIKSGMNVARLNFSHGTHEYHAETIKNVRTATESFASDPI
0,AETIKNVRTATESFASDPILYRPVAVALDTKGPEIRTGLIK
0,GTAEVELKKGATLKITLDNAYMEKCDENILWLDYKNICKVV
0,KITLDNAYMEKCDENILWLDYKNICKVVEVGSKIYVDDGLI
0,NAVLDGADCIMLSGETAKGDYPLEAVRMQHLIAREAEAAIY
0,YPLEAVRMQHLIAREAEAAIYHLQLFEELRRLAPITSDPTE
0,CSGAIIVLTKSGRSAHQVARYRPRAPIIAVTRNPQTARQAH
0,PRAPIIAVTRNPQTARQAHLYRGIFPVLCKDPVQEAWAEDV
0,GRVTMRKTVAKPKGPSGSPWYGSDRVKYLGPFSGESPSYLT
0,TVAKPKGPSGSPWYGSDRVKYLGPFSGESPSYLTGEFPGDY
0,PWYGSDRVKYLGPFSGESPSYLTGEFPGDYGWDTAGLSADP
0,FGEAVWFKAGSQIFSDGGLDYLGNPSLVHAQSILAIWATQV
0,AQSILAIWATQVILMGAVEGYRVAGNGPLGEAEDLLYPGGS
0,FQSLPEEILSKLADVLEETHYENGEYIIRQGARGDTFFIIS
0,IGGLDDVSNKAYEDAEAKAKYEAEAAFFANLKLSDFNIIDT
0,HIRSEKQIMQGAHSDFIVRLYRTFKDSKYLYMLMEACLGGE
0,MQGAHSDFIVRLYRTFKDSKYLYMLMEACLGGELWTILRDR
0,GAHSDFIVRLYRTFKDSKYLYMLMEACLGGELWTILRDRGS
0,GELWTILRDRGSFEDSTTRFYTACVVEAFAYLHSKGIIYRD
0,GSFEDSTTRFYTACVVEAFAYLHSKGIIYRDLKPENLILDH
0,RFYTACVVEAFAYLHSKGIIYRDLKPENLILDHRGYAKLVD
0,SKGIIYRDLKPENLILDHRGYAKLVDFGFAKKIGFGKKTWT
0,GFAKKIGFGKKTWTFCGTPEYVAPEIILNKGHDISADYWSL
0,TPEYVAPEIILNKGHDISADYWSLGILMYELLTGSPPFSGP
0,GNGGPGTIKKINFPEGFPFKYVKDRVDEVDHTNFKYNYSVI
0,GLDIAVRLLDPIKELFPILSYADFYQLAGVVAVEITGGPEI
0,AVRLLDPIKELFPILSYADFYQLAGVVAVEITGGPEIPFHP
0,RDFLDSLGFSTREEGDLGPVYGFQWRHFGAEYRDMESDYSG
0,REEGDLGPVYGFQWRHFGAEYRDMESDYSGQGVDQLQRVID
0,PVYGFQWRHFGAEYRDMESDYSGQGVDQLQRVIDTIKTNPD
0,WNPRDLPLMALPPCHALCQFYVVNSELSCQLYQRSGDMGLG
0,PSGFTLDDVIQTGVDNPGHPYIMTVGCVAGDEESYEVFKDL
0,DNPGHPYIMTVGCVAGDEESYEVFKDLFDPIIEDRHGGYKP
0,ESYEVFKDLFDPIIEDRHGGYKPSDEHKTDLNPDNLQGGDD
0,EHKTDLNPDNLQGGDDLDPNYVLSSRVRTGRSIRGFCLPPH
0,AIEKLAVEALSSLDGDLAGRYYALKSMTEAEQQQLIDDHFL
0,IEKLAVEALSSLDGDLAGRYYALKSMTEAEQQQLIDDHFLF
0,QIETLFKSKDYEFMWNPHLGYILTCPSNLGTGLRAGVHIKL
0,AETIKNVRAATESFASDPILYRPVAVALDTKGPEIRTGLIK
0,GTAEVELKKGATLKITLDNAYMEKCDENILWLDYKNICKVV
0,KITLDNAYMEKCDENILWLDYKNICKVVEVGSKIYVDDGLI
0,ASSQSTDPLEAMAMGSVEASYKCLAAALIVLTESGRSAHQV
0,LAAALIVLTESGRSAHQVARYRPRAPIIAVTRNPQTARQAH
0,PRAPIIAVTRNPQTARQAHLYRGIFPVLCKDAVLDAWAEDV
0,SPPSSNITREFPPSMFPSWPYFSTPITSSVGGFPSFPSSYI
0,PYFSTPITSSVGGFPSFPSSYIAGKYLHPALFLPPPATSCQ
0,PITSSVGGFPSFPSSYIAGKYLHPALFLPPPATSCQTVPTN
0,SISFKDLPTMVSQTHDHTAFYGAQKNRQELKRKSSSEDNSE
0,AFSRTWLLQGHIRTHTGEKPYQCTVCSRAFADRSNLRAHMQ
0,AEKTKQGVAEAAGKTKEGVLYVGSKTKEGVVHGVTTVAEKT
0,NIAAATGFVKKDQMGKGEEGYPQEGILEDMPVDPGSEAYEM
0,------MASNSLMSCGIAAVYPSLLSSSKSKFVSAGVPLPN
0,GNVGRIRMAAHWMPGEPRPAYLDGSAPGDFGFDPLGLGEVP
0,PGDFGFDPLGLGEVPANLERYKESELIHCRWAMLAVPGILV
0,IHCRWAMLAVPGILVPEALGYGNWVKAQEWAALPGGQATYL
0,GYGNWVKAQEWAALPGGQATYLGNPVPWGTLPTILAIEFLA
0,IKNGRLALLAFVGFCVQQSAYPGTGPLENLATHLADPWHNN
0,SIVGRPRHQGVMVGMGQKDSYVGDEAQSKRGILTLKYPIEH
0,QKDSYVGDEAQSKRGILTLKYPIEHGIITNWDDMEKIWHHS
0,KANREKMTQIMFETFNVPAMYVAIQAVLSLYASGRTTGIVL
0,MFETFNVPAMYVAIQAVLSLYASGRTTGIVLDSGDGVTHNV
0,GGSILASLSTFQQMWISKPEYDEAGPSIVHRKCF-------
0,SIVGRPRHQGVMVGMGQKDSYVGDEAQSKRGILTLKYPIEH
0,QKDSYVGDEAQSKRGILTLKYPIEHGIITNWDDMEKIWHHS
0,KANREKMTQIMFETFNVPAMYVAIQAVLSLYASGRTTGIVL
0,MFETFNVPAMYVAIQAVLSLYASGRTTGIVLDSGDGVTHNV
0,GGSILASLSTFQQMWISKPEYDEAGPSIVHRKCF-------
0,LTDGEEKEEPKEEEKLGKLQYSLDYDFQNNQLLVGIIQAAE
0,EEKEEPKEEEKLGKLQYSLDYDFQNNQLLVGIIQAAELPAL
0,VGIIQAAELPALDMGGTSDPYVKVFLLPDKKKKFETKVHRK
0,QFTFKVPYSELGGKTLVMAVYDFDRFSKHDIIGEFKVPMNT
0,LQSAEKEEQEKLGDICFSLRYVPTAGKLTVVILEAKNLKKM
0,QNGKRLKKKKTTIKKNTLNPYYNESFSFEVPFEQIQKVQVV
0,NGKRLKKKKTTIKKNTLNPYYNESFSFEVPFEQIQKVQVVV
0,TVLDYDKIGKNDAIGKVFVGYNSTGAELRHWSDMLANPRRP
0,PVAGAAGSRHKHSLPDLPYDYGALEPHINAQIMQLHHSKHH
0,LEPHINAQIMQLHHSKHHAAYVNNLNATEEKYHEALAKGDV
0,LHHSKHHAAYVNNLNATEEKYHEALAKGDVTTQVALQPALK
0,PLQGTTGLIPLLGIDVWEHAYYLQYKNVRPDYLKAIWNVIN
0,LQGTTGLIPLLGIDVWEHAYYLQYKNVRPDYLKAIWNVINW
0,TTGLIPLLGIDVWEHAYYLQYKNVRPDYLKAIWNVINWENV
0,LGIDVWEHAYYLQYKNVRPDYLKAIWNVINWENVTERYTAC
0,TPQGTLAERIRAGGAGVPAFYTPTGYGTLVQEGGSPIKYNK
0,LAERIRAGGAGVPAFYTPTGYGTLVQEGGSPIKYNKDGSVA
0,AFYTPTGYGTLVQEGGSPIKYNKDGSVAIASKPREVREFNG
0,VEEIVDIGAFAPEDIHIPQIYVHRLIKGEKYEKRIERLSIR
0,APEDIHIPQIYVHRLIKGEKYEKRIERLSIRKEGDGEAKSA
0,GDDVRERIIKRAALEFEDGMYANLGIGIPLLASNFISPNIT
0,ISPNITVHLQSENGVLGLGPYPRQHEADADLINAGKETVTI
0,AMIRGGHVDLTMLGAMQVSKYGDLANWMIPGKMVKGMGGAM
0,LKRDRFVFVGWSGILLFPCAYLALGGWLTGTTFVTSWYTHG
0,PCAYLALGGWLTGTTFVTSWYTHGLASSYLEGCNFLTVAVS
0,GWLTGTTFVTSWYTHGLASSYLEGCNFLTVAVSTPANSMGH
0,GLIGFMLRQFEIARLVGVRPYNAIAFSAPIAVFVSVFLIYP
0,PYNAIAFSAPIAVFVSVFLIYPLGQSSWFFAPSFGVAAIFR
0,QDGEGASTFRAFNPTQAEETYSMVTANRFWSQIFGIAFSNK
0,VTGLWMSAIGVVGLALNLRSYDFISQEIRAAEDPEFETFYT
0,HMKSVIPSDGPSVACVKKASYLDCIRAIAANEADAVTLDAG
0,KSCHTGLGRSAGWNIPIGLLYCDLPEPRKPLEKAVANFFSG
0,TDFPQLCQLCPGCGCSTLNQYFGYSGAFKCLKDGAGDVAFV
0,PQLCQLCPGCGCSTLNQYFGYSGAFKCLKDGAGDVAFVKHS
0,AFVKHSTIFENLANKADRDQYELLCLDNTRKPVDEYKDCHL
0,ADRDQYELLCLDNTRKPVDEYKDCHLAQVPSHTVVARSMGG
0,LFKDSAHGFLKVPPRMDAKMYLGYEYVTAIRNLREGTCPEA
0,AHGFLKVPPRMDAKMYLGYEYVTAIRNLREGTCPEAPTDEC
0,CIAKIMNGEADAMSLDGGFVYIAGKCGLVPVLAENYNKSDN
0,DGGFVYIAGKCGLVPVLAENYNKSDNCEDTPEAGYFAIAVV
0,PVLAENYNKSDNCEDTPEAGYFAIAVVKKSASDLTWDNLKG
0,KSCHTAVGRTAGWNIPMGLLYNKINHCRFDEFFSEGCAPGS
0,LCKLCMGSGLNLCEPNNKEGYYGYTGAFRCLVEKGDVAFVK
0,CKLCMGSGLNLCEPNNKEGYYGYTGAFRCLVEKGDVAFVKH
0,LCMGSGLNLCEPNNKEGYYGYTGAFRCLVEKGDVAFVKHQT
0,PQNTGGKNPDPWAKNLNEKDYELLCLDGTRKPVEEYANCHL
0,LNEKDYELLCLDGTRKPVEEYANCHLARAPNHAVVTRKDKE
0,ANQCPTIDGGSETFSFKPGKYAGKKFCFEPTSFTVKADSVS
0,AKNTMEHVSSSEESIISQETYKQEKNMAINPSKENLCSTFC
0,KENLCSTFCKEVVRNANEEEYSIGSSSEESAEVATEEVKIT
0,SEESAEVATEEVKITVDDKHYQKALNEINQFYQKFPQYLQY
0,VKITVDDKHYQKALNEINQFYQKFPQYLQYLYQGPIVLNPW
0,DKHYQKALNEINQFYQKFPQYLQYLYQGPIVLNPWDQVKRN
0,YQKALNEINQFYQKFPQYLQYLYQGPIVLNPWDQVKRNAVP
0,KALNEINQFYQKFPQYLQYLYQGPIVLNPWDQVKRNAVPIT
0,TKLTEEEKNRLNFLKKISQRYQKFALPQYLKTVYQHQKAMK
0,LKKISQRYQKFALPQYLKTVYQHQKAMKPWIQPKTKVIPYV
0,VYQHQKAMKPWIQPKTKVIPYVRYL----------------
0,HQKAMKPWIQPKTKVIPYVRYL-------------------
0,DAQGAMNKALELFRKDMASNYKELGFQG-------------
0,PPPPVLLTDAGVPSPVNPCCYYPCQNQGVCVRFGLDHYQCD
0,PPPVLLTDAGVPSPVNPCCYYPCQNQGVCVRFGLDHYQCDC
0,PCCYYPCQNQGVCVRFGLDHYQCDCTRTGYSGPNCTIPEIW
0,QGVCVRFGLDHYQCDCTRTGYSGPNCTIPEIWTWLRSSLRP
0,WLRSSLRPSPSFTHFLLTHGYWIWEFVNATFIREVLMRLVI
0,EVLMRLVITVRSNLIPSPPTYNTAHDYISWESFSNVSYYTR
0,VITVRSNLIPSPPTYNTAHDYISWESFSNVSYYTRILPSVP
0,PPTYNTAHDYISWESFSNVSYYTRILPSVPKDCPTPMGTKG
0,QVLDGEVYPPSVEQASVLMRYPPGVPPEKQMAVGQEVFGLL
0,LFQTTRLILIGETIKIIIEEYVQHLSGYFLQLKFDPELLFR
0,ILIGETIKIIIEEYVQHLSGYFLQLKFDPELLFRAQFQYRN
0,SGYFLQLKFDPELLFRAQFQYRNRIALEFNHLYHWHPLMPD
0,NHLYHWHPLMPDSFQVGSQEYSYEQFLFNTSMLVDYGVEAL
0,LYHWHPLMPDSFQVGSQEYSYEQFLFNTSMLVDYGVEALVD
0,VGSQEYSYEQFLFNTSMLVDYGVEALVDAFSRQRAGRIGGG
0,LVDAFSRQRAGRIGGGRNFDYHVLHVAEDVIKESREMRLQS
0,EMGAPFSLKGLLGNPICSPEYWKPSTFGGDVGFNIVNTASL
0,NIVNTASLKKLVCLNTKTCPYVSFRVPDYPGDDGSVFVRPS
0,KKLVCLNTKTCPYVSFRVPDYPGDDGSVFVRPSTEL-----
0,DFETFLPMLQHISKNKDTGTYEDFVEGLRVFDKEGNGTVMG
0,TEDEVEKLMAGQEDSNGCINYEAFVKHIMAS----------
0,-----------MAKPVSIEVYNPNGKYRVVSTKPMPGTRWI
0,-----MAKPVSIEVYNPNGKYRVVSTKPMPGTRWINLLVDQ
0,TLFSALSKAGGKAFSNMAVGYNNVDVEAANKYGIAVGNTPG
0,KAFSNMAVGYNNVDVEAANKYGIAVGNTPGVLTETTAELAA
0,LSLAAARRIVEADEFMRGGLYEGWLPHLFVGNLLKGQTVGV
0,GNLLKGQTVGVIGAGRIGSAYARMMVEGFKMNLIYFDLYQS
0,GRIGSAYARMMVEGFKMNLIYFDLYQSTRLEKFVTAYGQFL
0,MNLIYFDLYQSTRLEKFVTAYGQFLKANGEQPVTWKRASSM
0,EEVLREADLISLHPVLDKTTYHLVNKERLAMMKKEAILVNC
0,WTREGMATLAALNVLGRVKGYPIWHDPNRVDPFLNENASPP
0,NPTPAPNEALFLLNGKWILAYTSFVGLFPLLSRRIEPLVKV
0,LAIRRCSTFQRMIAEVQEECYSKLNVCSIAKRNPEAITEVV
0,RNPEAITEVVQLPNHFSNRYYNRLVRSLLECDEDTVSTIRD
0,AQIIGPVLDVAFPPGKMPNIYNALVVKGRDTLGQEINVTCE
0,TLQERITSTKKGSITSIQAVYVPADDLTDPAPATTFAHLDA
0,RIVGEEHYETAQQVKQTLQRYKELQDIIAILGLDELSEEDR
0,ERFLSQPFFVAEVFTGSPGKYVGLAETIRGFNLILSGEFDS
0,IRGFNLILSGEFDSLPEQAFYLVGNIDEATAKATNLEMESK
0,TGVPRRRPLSCDAASQAGSNYPRCWNCGGPWGPGREDRFFC
0,EDRFFCPQCRALQAPDPTRDYFSLMDCNRSFRVDTAKLQHR
0,FSLMDCNRSFRVDTAKLQHRYQQLQRLVHPDFFSQRSQTEK
0,HSTLVNDAYKTLLAPLSRGLYLLKLHGIEIPERTDYEMDRQ
0,YLGPFSENTPSYLTGEYPGDYGWDTAGLSADPETFAKNREL
0,FGEAVWFKAGSQIFSEGGLDYLGNPNLIHAQSILAIWACQV
0,AQSILAIWACQVVLMGFIEGYRIGGGPLGEGLDPLYPGGAF
0,GFIEGYRIGGGPLGEGLDPLYPGGAFDPLNLAEDPEAFSEL
0,GPIENLFDHIADPVANNAWAYATNFVPGK------------
0,PLWFPGAKSPEYLDGSLVGDYGFDPFGLGKPAEYLQFDLDS
0,DGSLVGDYGFDPFGLGKPAEYLQFDLDSLDQNLAKNLYGEV
0,PAEYLQFDLDSLDQNLAKNLYGEVIGTRTEAVDPKSTPFQP
0,GEVIGTRTEAVDPKSTPFQPYSEVFGLQRFRECELIHGRWA
0,WLTGVTWQDAGKVELVDGSSYLGQPLPFSISTLIWIEVLVI
0,GQPLPFSISTLIWIEVLVIGYIEFQRNAELDSEKRLYPGGK
0,KEIKNGRLAMFAMLGFFIQAYVTGEGPVENLAKHLSDPFGN
0,PPLPVLLADPGAPTPVNPCCYYPCQHQGICVRFGLDRYQCD
0,PLPVLLADPGAPTPVNPCCYYPCQHQGICVRFGLDRYQCDC
0,PCCYYPCQHQGICVRFGLDRYQCDCTRTGYSGPNCTIPGLW
0,QGICVRFGLDRYQCDCTRTGYSGPNCTIPGLWTWLRNSLRP
0,EMLMRLVLTVRSNLIPSPPTYNSAHDYISWESFSNVSYYTR
0,VLTVRSNLIPSPPTYNSAHDYISWESFSNVSYYTRILPSVP
0,PPTYNSAHDYISWESFSNVSYYTRILPSVPKDCPTPMGTKG
0,PTYNSAHDYISWESFSNVSYYTRILPSVPKDCPTPMGTKGK
0,GKMGPGFTKALGHGVDLGHIYGDNLERQYQLRLFKDGKLKY
0,KALGHGVDLGHIYGDNLERQYQLRLFKDGKLKYQVLDGEMY
0,YGDNLERQYQLRLFKDGKLKYQVLDGEMYPPSVEEAPVLMH
0,YQLRLFKDGKLKYQVLDGEMYPPSVEEAPVLMHYPRGIPPQ
0,QVLDGEMYPPSVEEAPVLMHYPRGIPPQSQMAVGQEVFGLL
0,PQSQMAVGQEVFGLLPGLMLYATLWLREHNRVCDLLKAEHP
0,LFQTTRLILIGETIKIVIEEYVQQLSGYFLQLKFDPELLFG
0,ILIGETIKIVIEEYVQQLSGYFLQLKFDPELLFGVQFQYRN
0,SGYFLQLKFDPELLFGVQFQYRNRIAMEFNHLYHWHPLMPD
0,NHLYHWHPLMPDSFKVGSQEYSYEQFLFNTSMLVDYGVEAL
0,LYHWHPLMPDSFKVGSQEYSYEQFLFNTSMLVDYGVEALVD
0,VGSQEYSYEQFLFNTSMLVDYGVEALVDAFSRQIAGRIGGG
0,TSKNQFSLKLSSVTAADTAVYYCAR----------------
0,SKNQFSLKLSSVTAADTAVYYCAR-----------------
0,MEALQAGADISMIGQFGVGFYSAYLVAEKVVVITKHNDDEQ
0,LQAGADISMIGQFGVGFYSAYLVAEKVVVITKHNDDEQYAW
0,SAYLVAEKVVVITKHNDDEQYAWESSAGGSFTVRADHGEPI
0,GEPIGRGTKVILHLKEDQTEYLEERRVKEVVKKHSQFIGYP
0,EYLEERRVKEVVKKHSQFIGYPITLYLEKEREKEISDDEAE
0,RRVKEVVKKHSQFIGYPITLYLEKEREKEISDDEAEEEKGE
0,DEEDDSGKDKKKKTKKIKEKYIDQEELNKTKPIWTRNPDDI
0,ELNKTKPIWTRNPDDITQEEYGEFYKSLTNDWEDHLAVKHF
0,TKPIWTRNPDDITQEEYGEFYKSLTNDWEDHLAVKHFSVEG
0,PRRAPFDLFENKKKKNNIKLYVRRVFIMDSCDELIPEYLNF
0,IKLYVRRVFIMDSCDELIPEYLNFIRGVVDSEDLPLNISRE
0,KNIVKKCLELFSELAEDKENYKKFYEAFSKNLKLGIHEDST
0,KKCLELFSELAEDKENYKKFYEAFSKNLKLGIHEDSTNRRR
0,LKLGIHEDSTNRRRLSELLRYHTSQSGDEMTSLSEYVSRMK
0,SELLRYHTSQSGDEMTSLSEYVSRMKETQKSIYYITGESKE
0,EMTSLSEYVSRMKETQKSIYYITGESKEQVANSAFVERVRK
0,EQVANSAFVERVRKRGFEVVYMTEPIDEYCVQQLKEFDGKS
0,VERVRKRGFEVVYMTEPIDEYCVQQLKEFDGKSLVSVTKEG
0,TANMERIMKAQALRDNSTMGYMMAKKHLEINPDHPIVETLR
0,TALLSSGFSLEDPQTHSNRIYRMIKLGLGIDEDEVAAEEPN
0,GNCPLGRHSLPGVSLCQGPGYPNSRKVVINNSVFSVRFFRT
0,VVINNSVFSVRFFRTTTVCKYDLVTVKTPAFAEPVTEGDVR
0,ALQEQPVVNAVIDDITKEVVYRDYIDISVAVATPQGLVVPV
0,ALTDSFRRRDTAQQGVVNFPYDDFIQCVMSV----------
0,IGAKFWEVISDEHGIDPTGTYHGDSDLQLDRISVYYNEATG
0,IDPTGTYHGDSDLQLDRISVYYNEATGGKYVPRAILVDLEP
0,DPTGTYHGDSDLQLDRISVYYNEATGGKYVPRAILVDLEPG
0,DSDLQLDRISVYYNEATGGKYVPRAILVDLEPGTMDSVRSG
0,LGGGTGSGMGTLLISKIREEYPDRIMNTFSVVPSPKVSDTV
0,IMNTFSVVPSPKVSDTVVEPYNATLSVHQLVENTDETYCID
0,VEPYNATLSVHQLVENTDETYCIDNEALYDICFRTLKLTTP
0,SVHQLVENTDETYCIDNEALYDICFRTLKLTTPTYGDLNHL
0,IDNEALYDICFRTLKLTTPTYGDLNHLVSATMSGVTTCLRF
0,PRLHFFMPGFAPLTSRGSQQYRALTVPELTQQVFDAKNMMA
0,TQQVFDAKNMMAACDPRHGRYLTVAAVFRGRMSMKEVDEQM
0,RMSMKEVDEQMLNVQNKNSSYFVEWIPNNVKTAVCDIPPRG
0,FKRISEQFTAMFRRKAFLHWYTGEGMDEMEFTEAESNMNDL
0,GMDEMEFTEAESNMNDLVSEYQQYQDATAEEEEDFGEEAEE
0,EMEFTEAESNMNDLVSEYQQYQDATAEEEEDFGEEAEEEA-
0,IGAKFWEVISDEHGIDPTGSYHGDSDLQLERINVYYNEAAG
0,IDPTGSYHGDSDLQLERINVYYNEAAGNKYVPRAILVDLEP
0,DPTGSYHGDSDLQLERINVYYNEAAGNKYVPRAILVDLEPG
0,DSDLQLERINVYYNEAAGNKYVPRAILVDLEPGTMDSVRSG
0,LGGGTGSGMGTLLISKIREEYPDRIMNTFSVMPSPKVSDTV
0,SVHQLVENTDETYSIDNEALYDICFRTLKLTTPTYGDLNHL
0,IDNEALYDICFRTLKLTTPTYGDLNHLVSATMSGVTTCLRF
0,PRLHFFMPGFAPLTSRGSQQYRALTVPELTQQMFDSKNMMA
0,TQQMFDSKNMMAACDPRHGRYLTVAAIFRGRMSMKEVDEQM
0,RMSMKEVDEQMLNVQNKNSSYFVEWIPNNVKTAVCDIPPRG
0,FKRISEQFTAMFRRKAFLHWYTGEGMDEMEFTEAESNMNDL
0,GMDEMEFTEAESNMNDLVSEYQQYQDATADEQGEFEEEEGE
0,EMEFTEAESNMNDLVSEYQQYQDATADEQGEFEEEEGEDEA
0,IGAKFWEVISDEHGIDPTGSYHGDSDLQLERINVYYNEATG
0,IDPTGSYHGDSDLQLERINVYYNEATGNKYVPRAILVDLEP
0,DPTGSYHGDSDLQLERINVYYNEATGNKYVPRAILVDLEPG
0,DSDLQLERINVYYNEATGNKYVPRAILVDLEPGTMDSVRSG
0,LGGGTGSGMGTLLISKIREEYPDRIMNTFSVMPSPKVSDTV
0,IMNTFSVMPSPKVSDTVVEPYNATLSVHQLVENTDETYCID
0,VEPYNATLSVHQLVENTDETYCIDNEALYDICFRTLKLTTP
0,SVHQLVENTDETYCIDNEALYDICFRTLKLTTPTYGDLNHL
0,IDNEALYDICFRTLKLTTPTYGDLNHLVSATMSGVTTCLRF
0,PRLHFFMPGFAPLTSRGSQQYRALTVPELTQQMFDSKNMMA
0,TQQMFDSKNMMAACDPRHGRYLTVAAIFRGRMSMKEVDEQM
0,RMSMKEVDEQMLNVQNKNSSYFVEWIPNNVKTAVCDIPPRG
0,FKRISEQFTAMFRRKAFLHWYTGEGMDEMEFTEAESNMNDL
0,GMDEMEFTEAESNMNDLVSEYQQYQDATADEQGEFEEEEGE
0,EMEFTEAESNMNDLVSEYQQYQDATADEQGEFEEEEGEDEA
0,IGAKFWEVISDEHGIDPSGNYVGDSDLQLERISVYYNEASS
0,IDPSGNYVGDSDLQLERISVYYNEASSHKYVPRAILVDLEP
0,DPSGNYVGDSDLQLERISVYYNEASSHKYVPRAILVDLEPG
0,DSDLQLERISVYYNEASSHKYVPRAILVDLEPGTMDSVRSG
0,LGGGTGSGMGTLLISKVREEYPDRIMNTFSVVPSPKVSDTV
0,IMNTFSVVPSPKVSDTVVEPYNATLSIHQLVENTDETYCID
0,VEPYNATLSIHQLVENTDETYCIDNEALYDICFRTLKLATP
0,SIHQLVENTDETYCIDNEALYDICFRTLKLATPTYGDLNHL
0,IDNEALYDICFRTLKLATPTYGDLNHLVSATMSGVTTSLRF
0,PRLHFFMPGFAPLTARGSQQYRALTVPELTQQMFDAKNMMA
0,TQQMFDAKNMMAACDPRHGRYLTVATVFRGRMSMKEVDEQM
0,RMSMKEVDEQMLAIQSKNSSYFVEWIPNNVKVAVCDIPPRG
0,FKRISEQFTAMFRRKAFLHWYTGEGMDEMEFTEAESNMNDL
0,GMDEMEFTEAESNMNDLVSEYQQYQDATAEEEGEMYEDDEE
0,GSGTDFTFTISSLQPEDIATYYCQQYDTLPLTFGGGTKVDI
0,SDQSEGQQDEQLDLDFVEAKYTIGDIFVHSPQRGLHPIRQR
0,EDVLDQNAVNPNTGAALHREYGSTSSIDRQGLSGENFFAML
0,TSSIDRQGLSGENFFAMLRGYRVENYDHKAMVPFGFPEFFR
0,RQGLSGENFFAMLRGYRVENYDHKAMVPFGFPEFFRCDPAI
0,IHREKVKRYIIEHIDLGAYYYRKFFYGKEHQNYFGIDENLG
0,VKRYIIEHIDLGAYYYRKFFYGKEHQNYFGIDENLGPVAVS
0,HIDLGAYYYRKFFYGKEHQNYFGIDENLGPVAVSIRREKVE
0,VSIRREKVEDAKEKEGSQFNYRVAFRTSELTTLRGAILEDA
0,IPSTARHGTARGLPLKEVLEYVIPELSIQCLRQASNSPKVS
0,EQLLKLDEQGLSFQHKIGILYCKAGQSTEEEMYNNETAGPA
0,FQHKIGILYCKAGQSTEEEMYNNETAGPAFEEFLDLLGQRV
0,AFEEFLDLLGQRVRLKGFSKYRAQLDNKTDSTGTHSLYTTY
0,FSKYRAQLDNKTDSTGTHSLYTTYKDYELMFHVSTLLPYMP
0,YRAQLDNKTDSTGTHSLYTTYKDYELMFHVSTLLPYMPNNR
0,QLDNKTDSTGTHSLYTTYKDYELMFHVSTLLPYMPNNRQQL
0,SLYTTYKDYELMFHVSTLLPYMPNNRQQLLRKRHIGNDIVT
0,HFQHVFVIVKVHNPCTENVCYSVGVSRSKDVPPFGPPIPKG
0,KKSEGSPPPEEPEVTECPGMYSEMDVMSTATQHQTVVGDAV
0,LKLMLPDSPLVEEGRRKFSFYGNLSPRRSLYRTLSDESICS
0,VEEGRRKFSFYGNLSPRRSLYRTLSDESICSNRRGSSFGSS
0,RSSVLDQALPNDILFSTTPPYHSTLPPRAHPAPSMGSLRNE
0,RAFEGLDSDEELGLLCHHTSYLDQRVASFCTLTDMQHGQDL
0,MSSGIVNVSERHSCPLGFGHYSVVDVCIFETVVIVLLTFLI
0,IIAGNLTVIFVFHCAPLLHHYTTSYFIQTMAYADLFVGVSC
0,NLTVIFVFHCAPLLHHYTTSYFIQTMAYADLFVGVSCLVPT
0,FHCAPLLHHYTTSYFIQTMAYADLFVGVSCLVPTLSLLHYS
0,AYADLFVGVSCLVPTLSLLHYSTGVHESLTCQVFGYIISVL
0,LSLLHYSTGVHESLTCQVFGYIISVLKSVSMACLACISVDR
0,IISVLKSVSMACLACISVDRYLAITKPLSYNQLVTPCRLRI
0,MACLACISVDRYLAITKPLSYNQLVTPCRLRICIILIWIYS
0,SYNQLVTPCRLRICIILIWIYSCLIFLPSFFGWGKPGYHGD
0,IWIYSCLIFLPSFFGWGKPGYHGDIFEWCATSWLTSAYFTG
0,KPGYHGDIFEWCATSWLTSAYFTGFIVCLLYAPAAFVVCFT
0,WCATSWLTSAYFTGFIVCLLYAPAAFVVCFTYFHIFKICRQ
0,FTGFIVCLLYAPAAFVVCFTYFHIFKICRQHTKEINDRRAR
0,RFPSHEVDSSRETGHSPDRRYAMVLFRITSVFYMLWLPYII
0,TGHSPDRRYAMVLFRITSVFYMLWLPYIIYFLLESSRVLDN
0,TLSFLTTWLAISNSFCNCVIYSLSNSVFRLGLRRLSETMCT
0,TSCEDVELESESVSEKGDLDYYWLDPATWHSRETSPISSHP
0,SCEDVELESESVSEKGDLDYYWLDPATWHSRETSPISSHPV
0,GDEVLEWNGKPLPGATNEEVYNIILESKSEPQVEIIVSRPI
0,PGALKDAPQVLPGQLSVKLWYDKVGHQLIVNVLQATDLPAR
0,VNVLQATDLPARVDGRPRNPYVKMYFLPDRSDKSKRRTKTV
0,QATDLPARVDGRPRNPYVKMYFLPDRSDKSKRRTKTVKKIL
0,KRRTKTVKKILEPKWNQTFVYSHVHRRDFRERMLEITVWDQ
0,FLGEILIELETALLDDEPHWYKLQTHDESSLPLPQPSPFMP
0,ESSSKKLQRSQRISDSDISDYEVDDGIGVVPPVGYRSSARE
0,RRMGTSGRSIMKSTSVSGEMYTLEHNDGSQSDTAVGTVGAG
0,EMRKMVRQPSRESTDGSINSYSSEGNLIFPGVRLGADSQFS
0,QVKTNPEEKKCFDLISHDRTYHFQAEDEQECQIWMSVLQNS
0,NLGILTCIECSGIHRELGVHYSRMQSLTLDVLGTSELLLAK
0,LPAEDSVKPNPGSDMNARKDYITAKYIERRYARKKHADNAA
0,SVKPNPGSDMNARKDYITAKYIERRYARKKHADNAAKLHSL
0,PGSDMNARKDYITAKYIERRYARKKHADNAAKLHSLCEAVK
0,KLHSLCEAVKTRDIFGLLQAYADGVDLTEKIPLANGHEPDE
0,LVQNSGNLDKQTGKGSTALHYCCLTDNAECLKLLLRGKASI
0,CEELLTQALSGRFNSHVHVEYEWRLLHEDLDESDDDMDEKL
0,DMDEKLQPSPNRREDRPISFYQLGSNQLQSNAVSLARDAAN
0,MTIEPSTFLAVPTLEELNLSYNNIMTVPALPKSLISLSLSH
0,DSASLAGLHALRFLFMDGNCYYKNPCRQALEVAPGALLGLG
0,SASLAGLHALRFLFMDGNCYYKNPCRQALEVAPGALLGLGN
0,LEVAPGALLGLGNLTHLSLKYNNLTVVPRNLPSSLEYLLLS
0,LSLKYNNLTVVPRNLPSSLEYLLLSYNRIVKLAPEDLANLT
0,NNLTVVPRNLPSSLEYLLLSYNRIVKLAPEDLANLTALRVL
0,ASWFRGLGNLRVLDLSENFLYKCITKTKAFQGLTQLRKLNL
0,TKTKAFQGLTQLRKLNLSFNYQKRVSFAHLSLAPSFGSLVA
0,QFLPLTGLQVLDLSHNKLDLYHEHSFTELPRLEALDLSYNS
0,DLYHEHSFTELPRLEALDLSYNSQPFGMQGVGHNFSFVAHL
0,LRALDFSGNALGHMWAEGDLYLHFFQGLSGLIWLDLSQNRL
0,LPQTLRNLPKSLQVLRLRDNYLAFFKWWSLHFLPKLEVLDL
0,AVALGLGVPMLHHLCGWDLWYCFHLCLAWLPWRGRQSGRDE
0,CLAWLPWRGRQSGRDEDALPYDAFVVFDKTQSAVADWVYNE
0,LPYDAFVVFDKTQSAVADWVYNELRGQLEECRGRWALRLCL
0,LEERDWLPGKTLFENLWASVYGSRKTLFVLAHTDRVSGLLR
0,EDRKDVVVLVILSPDGRRSRYVRLRQRLCRQSVLLWPHQPS
0,GQRSFWAQLGMALTRDNHHFYNRNFCQGPTAE---------
0,MMSINGDEDSAAALGLLYDYYKVPRERRSSTAKPEVEHPEP
0,HSIKTETQPHGFAVGIPPAVYHPEPTERVVVFDRNLNTDQF
0,QEVFFPSDLSLRMPGMNSEDYVFDSVSGNNFEYTLEASKSL
0,ASLLPSQHLPRTASVSSSVVYGRSPVMAFESHPHLRGSSVS
0,HLRGSSVSSSLPSIPGGKPAYSFHVSADGQMQPVPFPSDAL
0,TLAHGEVVCAVTISGSTQHVYTGGKGCVKVWDVGQPGAKTP
0,VGQPGAKTPVAQLDCLNRDNYIRSCKLLPDGRSLIVGGEAS
0,DLAAPTPRIKAELTSSAPACYALAVSPDAKVCFSCCSDGNI
0,TMVRQFQGHTDGASCIDISDYGTRLWTGGLDNTVRCWDLRE
0,LAVGMESSNVEILHVRKPEKYQLHLHESCVLSLKFASCGRW
0,IFQSKESSSVLSCDISRNNKYIVTGSGDKKATVYEVVY---
0,DISRNNKYIVTGSGDKKATVYEVVY----------------
0,NNKYIVTGSGDKKATVYEVVY--------------------
