1,LEPHINAQIMQLHHSKHHAAYVNNLNVTEEKYQEALAKGDV
1,YPRIHFPLATYAPVISAEKAYHEQLTVAEITNACFEPANQM
1,EKDYEEVGADSADGEDEGEEY--------------------
1,YPRIHFPLATYAPVISAEKAYHEQLSVAEITNACFEPANQM
1,DYEEVGVDSVEGEGEEEGEEY--------------------
1,YIDFARQKLDPKIAVAAQNCYKVTNGAFTGEISPGMIKDCG
1,LRGWLKSNVSDAVAQSTRIIYGGSVTGATCKELASQPDVDG
1,YPRIHFPLATYAPVISAEKAYHEQLSVAEITNACFEPANQM
1,DYEEVGVDSVEGEGEEEGEEY--------------------
1,YPRIHFPLATYAPVISAEKAYHEQLSVAEITNACFEPANQM
1,KDCEEVGVDSVEAEAEEGEAY--------------------
1,YPRIHFPLATYAPVISAEKAYHEQLTVAEITNACFEPANQM
1,EKDYEEVGADSAEGDDEGEEY--------------------
1,LIACLYEENEDGEVVRVRDSYVAIANACCAPRFPTLGGRVV
1,YPRIHFPLATYAPVISAEKAYHEQLSVAEITNACFEPANQM
1,DYEEVGVDSVEGEGEEEGEEY--------------------
1,YIDFARQKLDPKIAVAAQNCYKVTNGAFTGEISPGMIKDLG
1,LRGWLKCNVSEGVAQCTRIIYGGSVTGATCKELASQPDVDG
1,YPRIHFPLATYAPVISAEKAYHEQLSVAEITNACFEPANQM
1,DYEEVGVDSVEGEGEEEGEEY--------------------
1,LIACLYEENEDGEVVRVRDSYVAIANACCAPRFPTLGGRVV
1,PFDFRVKGVTSISADTHKYGYAPKGSSVVMYSNEKYRKYQF
1,SISADTHKYGYAPKGSSVVMYSNEKYRKYQFFVDADWQGGI
1,PFDFRVKGVTSISADTHKYGYAPKGSSVVMYSNEKYRTYQF
1,SISADTHKYGYAPKGSSVVMYSNEKYRTYQFFVGADWQGGV
1,LEPHINAQIMQLHHSKHHAAYVNNLNATEEKYHEALAKGDV
1,LIACLYEENEDGEVVRVRDSYVAIANACCAPRFPTLGGRVV
1,PRAVFVDLEPTVVDEVRTGTYRQLFHPEQLITGKEDAANNY
1,KDYEEVGVDSVEAEAEEGEEY--------------------
1,YPRIHFPLATYAPVISAEKAYHEQLSVAEITNACFEPANQM
1,DYEEVGVDSVEGEGEEEGEEY--------------------
1,-----------------MDCYTANWNPLGDSAFYRKYELYS
1,PFDFRVKGVTSISADTHKYGYAPKGSSLVLYSDKKYRNYQF
1,SISADTHKYGYAPKGSSLVLYSDKKYRNYQFFVDTDWQGGI
1,PRAVFVDLEPTVIDEIRNGPYRQLFHPEQLITGKEDAANNY
1,YPRIHFPLATYAPVISAEKAYHEQLSVAEITNACFEPANQM
1,KDYEEVGVDSVEAEAEEGEEY--------------------
1,-----------------MDCYTANWNPLGDSAFYRKYELYS
1,SGTPKALIFVSHGAGEHCGRYDELAHMLKGLDMLVFAHDHV
1,MASPPACPSEEDESLKGCELYVQLHGIQQVLKDCIVHLCIS
1,KREPDSNVIVVDWLSRAQQHYPVSAGYTKLVGQDVARFINW
1,LTNKKVNRITGLDPAGPNFEYAEAPSRLSPDDADFVDVLHT
1,KRSSKMYLKTRSQMPYKVFHYQVKIHFSGTESETHTNQAFE
1,YPRIHFPLATYAPVISAEKAYHEQLSVAEITNACFEPANQM
1,DYEEVGVDSVEGEGEEEGEEY--------------------
1,YIDFARQKLDPKIAVAAQNCYKVTNGAFTGEISPGMIKDCG
1,LRGWLKSNVSEAVAQSTRIIYGGSVTGATCKELASQPDVDG
1,YPRIHFPLATYAPVISAEKAYHEQLSVAEITNACFEPANQM
1,YEEVGMDSVEGEGEEEEGDEY--------------------
1,LEPHINAQIMQLHHSKHHAAYVNNLNVTEEKYQEALAKGDV
1,YPRIHFPLATYAPVISAEKAYHEQLSVAEITNACFEPANQM
1,DYEEVGVDSVEGEGEEEGEEY--------------------
1,LIACLYEENEDGEVVRVRDSYVAIANACCAPRFPTLGGRVV
1,LEPHINAQIMQLHHSKHHAAYVNNLNDTEEKYKEALAKGDV
1,YPRIHFPLATYAPVISAEKAYHEQLSVAEITNACFEPANQM
1,DYEEVGVDSVEGEGEEEGEEY--------------------
1,PRAVFVDLEPTVIDEIRNGPYRQLFHPEQLITGKEDAANNY
1,YIDFARQKLDAKIAVAAQNCYKVTNGAFTGEISPGMIKDCG
1,LRGWLKSNVSDAVAQSTRIIYGGSVTGATCKELASQPDVDG
1,YPRIHFPLATYAPVISAEKAYHEQLSVAEITNACFEPANQM
1,DYEEVGVDSVEGEGEEEGEEY--------------------
1,YIDFARQKLDPKIAVAAQNCYKVTNGAFTGEISPGMIKDLG
1,LRGWLKCNVSDEVAQSTRIIYGGSVTGATCKELASQPDVDG
1,YPRIHFPLATYAPVISAEKAYHEQLSVAEITNACFEPANQM
1,DYEEVGVDSVEGEGEEEGEEY--------------------
1,YIDFARQKLDPKIAVAAQNCYKVANGAFTGEISPGMIKDLG
1,LRGWLKSNVSDAVAQSARIIYGGSVTGATCKELASQPDVDG
1,IQHIQTTPLRCTNAMRAINKYQHRCKNQNTFLHTTFAAVVN
1,ALQKLAPDRESLLLKHIGFVYHPTKETCLSGQYCTDIKVEN
1,PRAVFVDLEPTVIDEIRNGPYRQLFHPEQLITGKEDAANNY
1,PRAVFVDLEPTVIDEIRNGPYRQLFHPEQLITGKEDAANNY
1,IQHINMTSGQCTNAMQVINNYQRRCKNQNTFLLTTFADVVH
1,YPRIHFPLATYAPVISAEKAYHEQLSVAEITNACFEPANQM
1,EKDYEEVGADSAEGDDEGDEY--------------------
1,PRAVFVDLEPTVIDEIRNGPYRQLFHPEQLITGKEDAANNY
1,TQHINMTSQQCTNAMRVINNYQRRCKNQNTFLLTTFANVVN
1,LEPHINAQIMQLHHSKHHAAYVNNLNVTEEKYQEALAKGDV
1,-----------------MDCYTANWNPLGDSAFYRKYELYS
1,YPRIHFPLATYAPVISAEKAYHEQLTVAEITNACFEPANQM
1,EKDYEEVGADSAEGDDEGEEY--------------------
1,YPRIHFPLATYAPVISAEKAYHEQLTVAEITNACFEPANQM
1,EKDYEEVGADSAEGDDEGEEY--------------------
1,LEPYINAQIMQLHHSKHHAAYVNNLNVTEEKYQEALAKGDV
1,YIDFARQKLDPKIAVAAQNCYKVTNGAFTGEISPGMIKDCG
1,LRGWLKSNVSEAVAQSTRIIYGGSVTGATCKELASQPDVDG
1,LEPHINAQIMQLHHSKHHAAYVNNLNVTEEKYQEALAKGDV
1,LEPHINAQIMELHHSKHHAAYVNNLNATEEKYREALARGDV
1,RAPSDTSAELSVIKVTKGKRYRFRLVSLSCDPNFTFSIDGH
1,LLQILSGAQTAQDLLPSGSVYVLPSNASIEISFPATAAAPG
1,GGAGTSQDGTSKNWFKITIPYGRKYDKSWLLNVIQSKCSVP
1,SNDIGQLACLHARPHSLDRVYFGGFFIRGHPVTMRTITYSI
1,PEINTLDDIRKLDRFKEPPAYGPMCDILWSDPLEDFGNEKT
1,QHIYNSTYPRCDAVMRVVNRYRPRCKDINTFLHTSFADVVA
1,LEPHINAQIMQLHHSKHHAAYVNNLNVTEEKYQEALAKGDV
1,IQHINMTSGQCTNAMLVINNYQRRCKNQNTFLLTTFADVVH
1,PFDFRVKGVTSISADTHKYGYAPKGSSLVLYSDKKYRNYQF
1,SISADTHKYGYAPKGSSLVLYSDKKYRNYQFFVDTDWQGGI
1,YPRIHFPLATYAPVISAEKAYHEQLSVAEITNACFEPANQM
1,DYEEVGVDSVEGEGEEEGEEY--------------------
1,YIDFARQKLDPKIAVAAQNCYKVTNGAFTGEISPGMIKDCG
1,LRGWLKSNVSDAVAQSTRIIYGGSVTGATCKELASQPDVDG
1,YIDFARQKLDPKIAVAAQNCYKVANGAFTGEIGPGMIKDLG
1,LRGWLKTHVPEAVAHSTRIIYGGSVTGATCKELASQPDVDG
1,YPRIHFPLATYAPVISAEKAYHEQLSVAEITNACFEPANQM
1,KDYEEVGVDSVEAEAEEGEEY--------------------
1,YPRIHFPLATYAPVISAEKAYHEQLSVAEITNACFEPANQM
1,DYEEVGVDSVEGEGEEEGEEY--------------------
1,YPRAHFPLATYAPVISAEKAYHEQLSVAEITNACFEPANQM
1,DYEEVGVDSVEGEGEEEGEEY--------------------
1,TQHINMTSQQCTNAMQVINNYQRRCKNQNTFLLTTFANVVN
1,LEPHINAQIMQLHHSKHHAAYVNNLNVTEEKYQEALAKGDV
1,LEPHINAQIMQLHHSKHHAAYVNNLNVTEEKYQEALAKGDV
1,--AVFVDLEPTVVDEVRTGTYRQLFHPEQLITGKEDAANNY
1,PRAVFVDLEPTVVDEVRTGTYRQLFHPEQLITGKEDAANNY
1,KDYEEVGVDSVEAEAEEGEEY--------------------
1,YPRIHFPLATYAPVISAEKAYHEQLSVAEITNACFEPANQM
1,DYEEVGVDSVEGEGEEEGEEY--------------------
1,YIDFARQKLDPKIAVAAQNCYKVTNGAFTGEISPGMIKDLG
1,LRGWLKSNVNDGVAQSTRIIYGGSVTGATCKELASQPDVDG
1,YIDFARQKLDPKIAVAAQNCYKVTNGAFTGEISPGMIKDYG
1,LRGWLKSNVSDAVAQSTRIIYGGSVTGATCKELASQPDVDG
1,YIDFARQKLDPKIAVAAQNCYKVTNGAFTGEISPGMIKDCG
1,LRGWLKSNVSDAVAQSTRIIYGGSVTGATCKELASQPDVDG
1,YIDFARQKLDPKIAVAAQNCYKVTNGAFTGEISPGMIKDCG
1,LRGWLKSNVSDAVAQSTRIIYGGSVTGATCKELASQPDVDG
1,YPRIHFPLATYAPVISAEKAYHEQLSVAEITNACFEPANQM
1,DYEEVGVDSVEGEGEEEGEEY--------------------
1,LEPHINAQIMQLHHSKHHAAYVNNLNVTEEKYQEALAKGDV
1,PRAVFVDLEPTVVDEVRTGTYRQLFHPEQLITGKEDAANNY
1,KDYEEVGVDSVEAEAEEGEEY--------------------
1,ALQKLAPDRESLLLKHIGFVYHPTKETCLSGQNCTDIKVEQ
1,GGAGTSQDGTSKNWFKITIPYGRKYDKAWLLSMIQSKCSVP
1,IQHIQTAPLHCTSAMRAINKYQSRCKNKNTFLHTTFADVVN
1,RREIFEQHLKGLKLTQPSSFYSQRLAELTPGFSGADIANIC
1,KREPDSNVIVVDWLRRAQHHYPESADYTKLVGEDVARFINW
1,RTNTKVSRITGLDPAGPNFEYAEATSRLSPDDAQFVDVLHT
1,KRSSKMYLKTRSQMPYKVFHYQVKIYFSGTETTTYTNQAFE
1,EWQLLGPFQKDLYRDVMLEIYSNLLSMGYQVSKPDALSKLE
1,LIEPTLLDELICYIGTLASVYHKPPNAFVEGGRGVVHKSLP
1,------------MEVHELFRYFRMPELIDIRQYVRTLPTNT
1,GTTDGIRRSAVLEDDKLLVYYYDDVRTMYDGFQRGIQVSNN
1,VIPTHLQAATAGNGIHAILLYRHKLDREEIKPILFLGSTVP
1,FVQLALQLAHYKDMGKFCLTYEASMTRLFREGRTETVRSCS
1,VLPSVRKAEAQIAAKNLDKEYLPIGGLAEFCKASAELALGE
1,-------------------MYSGAGPVLASPAPTTSPIPGY
1,VLPSVRKAEAQIAAKNLDKEYLPIGGLAEFCKASAELALGE
1,CAKVGDQPTLQLKEKDIMDLYNQPEPVKSFLFYHSQSGRNS
1,-----------------MESYDIIANQPVVIDNGSGVIKAG
1,CTKDGEQPVLQLGEGNIMEMYNKKEPVKASLFYHKKSGTTS
1,TDRVTGTNKGISPVPINLRVYSPHVLNLTLVDLPGMTKVPV
1,KREPDSNVIVVDWLVRAQQHYPVSAAYTKLVGKDVAMFIDW
1,LTKKKVNRITGLDPAGPTFEYADAPIRLSPDDADFVDVLHT
1,KRNTKMYLKTRAQMPYKVFHYQVKIHFFGKTNVTKVDQPFL
1,SNDIGQLACLYAKLHGLDRVYFGGFFIRGHPVTMRTITYSI
1,SNDIGQLACLHARLHSLDRVYFGGFFIRGHPVTMRTITYSI
1,MASPSCFHSEDEDSLKGCEMYVQKHGIQQVLKECIVHLCVA
1,WEPELVKLMCELGNVVINQIYEARVEAMAVKKPGPSCSRQE
1,VLPSVRKAEAQIAAKGLDKEYLPIGGLAEFCRASAELALGE
1,-------------------MYSGAGPVLASPAPTTSPIPGY
1,SNDIGQLACLYAKLHGLDRVYFGGFFIRGHPVTMRTITYSI
1,FAFRFGHMEVPSTVSRLDENYQPWGPEAELPLHTLFFNTWR
1,-----MSHPSGLRSSVSSTSYRRTFGPPPSLSPGAFSYSSS
1,ARLEEELRQLKEEMARHLREYQELLNVKMALDIEIATYRKL
1,PEINTLDDIRKLDRFKEPPAYGPMCDILWSDPLEDFGNEKT
1,GGAGTSQDGTTKNWFKITIPYGKKYDKMWLLSMIQSKCSVP
1,----MSHHSSGLRSSISSTSYRRTFGPPPSLSPGAFSYSSS
1,ARLEEELRQLKEEMARHLREYQELLNVKMALDIEIATYRKL
1,PVTSAHVGTYRCYSSLSSNPYLLSLPSDPLELVVSEAAETL
1,VFTRFCNGLTQIETLFKSKNYEFMWNPHLGYILTCPSNLGT
1,KREPDSNVIVVDWLSRAQQHYPVSAGYTKLVGKDVAKFINW
1,LTNKKVNRITGLDPAGPNFEYAEAPSRLSPDDADFVDVLHT
1,KRSSKMYLKTRSQMPYKVFHYQVKIHFSGTESDTQTNQAFE
1,VFTRFCNGLTQIETLFKSKNYEFMWNPHLGYILTCPSNLGT
1,VFTRFCTGLTQIETLFKSKNYEFMWNPHLGYILTCPSNLGT
1,VLPSVRKAEAQIAAKNLDKEYLPIAGLAEFCKASAELALGE
1,ISSIEQKTERNEKKQQMGKEYREKIEAELQDICSDVLELLD
1,EKIEAELQDICSDVLELLDKYLILNATHAESKVFYLKMKGD
1,INIGHFNDPVHGGSWIRGAIYYFKIAVALAVAAIPEGLPAV
1,NIGHFNDPVHGGSWIRGAIYYFKIAVALAVAAIPEGLPAVI
1,LAFRFGHTMLQPFMFRLDSQYRASAPNSHVPLSSAFFASWR
1,-----------MGRRRGVELYRAPFPLYALRIDPKTGLLIA
1,SNDIGQLACLHARLHSLDRVYFGGFFIRGHPVTMRTITYSI
1,SASMSHHHSSGLRSSISSTSYRRTFGPPPSLSPGAFSYSSS
1,ARLEEELRQLKEEMARHLREYQELLNVKMALDIEIATYRKL
1,VIRMLHDYIGDKDFKKGMNMYLTKFQQKNAATEDLWESLES
1,KREPDSNVIVVDWLYRAQQHYPVSAGYTKLVGNDVARFINW
1,LTNKKVNRITGLDPAGPNFEYAEAPSRLSPDDADFVDVLHT
1,KRSSKMYLKTRSQMPYKVFHYQVKIHFSGTEDGKQHNQAFE
1,KREPDSNVIVVDWLSRAQQHYPVSAGYTKLVGQDVAKFMNW
1,LTNKKVNRITGLDPAGPNFEYAEAPSRLSPDDADFVDVLHT
1,KRSSKMYLKTRSQMPYKVFHYQVKIHFSGTESNTYTNQAFE
1,RRAHLNDLENIVPFLGIGLLYSLSGPDLSTALIHFRIFVGA
1,GGAGTSQDGTTKNWFKITIPYGRKYDKTWLLSMIQSKCSVP
1,FAFRFGHLEVPSTVSRLDENYQPWGSEPELPLHKLFFNTWR
1,---HINAQIMQLHHSEHHAAYVNNLNVVEEKYQEALKKGDV
1,LQPHINAEIMQLHHSKHHAAYLNNLNIAEEKYQEALAKGDV
1,PEINTLDDIRKLDRFKEPPAYGPMCDILWSDPLEDFGNEKT
1,PEINTLDDIRKLDRFKEPPAYGPMCDILWSDPLEDFGNEKT
1,FAFRFGHLEVPSSMFRLDENYQPWGPEPELPLHTLFFNTWR
1,FAFRFGHMEVPSTVSRLDENYQPWGPEAELPLHTLFFNTWR
1,----MSHHPSGLRAGFSSTSYRRTFGPPPSLSPGAFSYSSS
1,ARLEEELRQLKEEMARHLREYQELLNVKMALDIEIATYRKL
1,KREPDSNVIVVDWLSRAQEHYPVSAGYTKLVGQDVARFINW
1,LTNKKVNRITGLDPAGPNFEYAEAPSRLSPDDADFVDVLHT
1,KRSSKMYLKTRSQMPYKVFHYQVKIHFSGTESETHTNQAFE
1,LAFRFGHTMLQPFMFRLDSQYRASAPNSHVPLSSVFFASWR
1,KREPDSNVIVVDWLSRAQQHYPISAGYTKLVGQDVATFIDW
1,LTKKKVNRITGLDPAGPNFEYAEAPSRLSPDDADFVDVLHT
1,KRSSKMYLKTRAQMPYKVFHYQVKMRFSGTESDTHTNQAFE
1,-----------MGRRRAPELYRAPFPLYALQVDPSTGLLIA
1,-----------MGRRRGVELYRAPFPLYALRIDPKTGLLIA
1,TQHINMTSQQCTNAMQVINNYQRRCKNQNTFLLTTFANVVN
1,GGAGTSQDGTSKNWFKITIPYGRKYDKAWLLSMIQSKCSVP
1,IQHIQTTPLHCTSAMRAINRYQPRCKNQNTFLHTTFANVVN
1,IQHINMTSGQCTNAMLVINNYQRRCKNQNTFLLTTFADVVH
1,FAFRFGHMEVPSTVSRLDENYQPWGPEAELPLHTLFFNTWR
1,IQHIQMAPLRCTYAMRAINKYERRCKNQNTFLHTTFADVVN
1,LEPHINAQIMQLHHSKHHAAYVNNLNDTEEKYKEALAKGDV
1,LEPHINAQIMQLHHSKHHATYVNNLNVTEEKYHEALAKGDV
1,LEPHINAQIMQLHHSKHHAAYVNNLNVAEEKYREALEKGDV
1,VIRMLHDYIGDKDFKKGMNMYLTKFQQKNAATEDLWESLEN
1,RREIFEQHLKGLKLTQPSSFYSQRLAELTPGFSGADIANIC
1,RREIFEQHLKSLKLTQSSTFYSQRLAELTPGFSGADIANIC
1,IQHINMTSQQCTNAMRVINNYQRRCKNQNTFLRTTFANVVN
1,FAPEEISAMVLTKMKETAEAYLGKKVTHAVVTVPAYFNDAQ
1,FAPEEISAMVLTKMKETAEAYLGKKVTHAVVTVPAYFNDAQ
1,ISSIEQKTDTSDKKLQLIKDYREKVESELRSICTTVLELLD
1,EKVESELRSICTTVLELLDKYLIANATNPESKVFYLKMKGD
1,------------MEVHELFRYFRMPELIDIRQYVRTLPTNT
1,GTTEGVRRSAVLEDDKLLLYYYDDVRTMYDGFQRGIQVSND
1,-------------------MYSGAGPALAPPAPPPPPIQGY
1,FAPEEISAMVLTKMKETAEAYLGKKVTHAVVTVPAYFNDAQ
1,ISSIEQKTDTSDKKLQLIKDYREKVESELRSICTTVLELLD
1,EKVESELRSICTTVLELLDKYLIANATNPESKVFYLKMKGD
1,INIGHFNDPVHGGSWIRGAIYYFKIAVALAVAAIPEGLPAV
1,NIGHFNDPVHGGSWIRGAIYYFKIAVALAVAAIPEGLPAVI
1,INIGHFNDPVHGGSWIRGAIYYFKIAVALAVAAIPEGLPAV
1,NIGHFNDPVHGGSWIRGAIYYFKIAVALAVAAIPEGLPAVI
1,ISSIEQKTERNEKKQQMGKEYREKIEAELQDICNDVLELLD
1,EKIEAELQDICNDVLELLDKYLILNATQAESKVFYLKMKGD
1,ISSIEQKTERNEKKQQMGKEYREKIEAELQDICNDVLELLD
1,EKIEAELQDICNDVLELLDKYLIPNATQPESKVFYLKMKGD
1,LIEPTLLDELICYIGTLASVYHKPPNAFVEGGRGVVHKSLP
1,VLPSVRKAEAQIAAKNLDKEYLPIGGLAEFCKASAELALGE
1,ISSIEQKTERNEKKQQMGKEYREKIEAELQDICNDVLELLD
1,EKIEAELQDICNDVLELLDKYLIPNATQPESKVFYLKMKGD
1,ISSIEQKTERNEKKQQMGKEYREKIEAELQDICNDVLQLLD
1,EKIEAELQDICNDVLQLLDKYLIPNATQPESKVFYLKMKGD
1,MASPSCFHSEDEDSLKGCEMYVQKHGIQQVLKECIVHLCVA
1,VLPSVRKAEAQIAAKNLDKEYLPIGGLAEFCKASAELALGE
1,------------MQAHELLQYFRLPELVDIRQYVRTLPTNT
1,-----------------MEEYHRPCDEVGFNADEAHNIVKE
1,-----------------MESYDIIANQPVVIDNGSGVIKAG
1,-----------------MEEYHRHCDEVGFNAEEAHNIVKE
1,IQHINVNPPRCTIAMRVINNYQRRCKNQNTFLRTTFANTVN
1,VLPSVRKAEAQIAAKNLDKEYLPIGGLAEFCKASAELALGE
1,ISSIEQKTERNEKKQQMGKEYREKIEAELQDICNDVLELLD
1,EKIEAELQDICNDVLELLDKYLIPNATQPESKVFYLKMKGD
1,TDRVTGTNKGISPVPINLRVYSPHVLNLTLVDLPGMTKVPV
1,FAPEEISAMVLTKMKETAEAYLGKKVTHAVVTVPAYFNDAQ
1,WEPELVKLMCELGNVIINQIYEARVEAMAVKKPGPSCSRQE
1,FAPEEISAMVLTKMKETAEAYLGKKVTHAVVTVPAYFNDAQ
1,-----------------MESYDIIANQPVVIDNGSGVIKAG
1,TDRVTGTNKGISPVPINLRVYSPHVLNLTLVDLPGMTKVPV
1,VLPSVRKAEAQIAGKNLDKEYLPIGGLADFCKASAELALGE
1,------------MQAHELFRYFRMPELVDFRQYVRTLPTNT
1,ISSIEQKTDTSDKKLQLIKDYREKVESELRSICTTVLELLD
1,EKVESELRSICTTVLELLDKYLIANATNPESKVFYLKMKGD
1,VFTRFCTGLTQIETLFKSKNYEFMWNPHLGYILTCPSNLGT
1,VFTRFCTGLTQIETLFKSKDYEFMWNPHLGYILTCPSNLGT
1,KREPDSNVIVVDWLSRAQQHYPVSAGYTKLVGKDVAKFINW
1,LTNKKVNRITGLDPAGPNFEYAEAPSRLSPDDADFVDVLHT
1,KRSSKMYLKTRSQMPYKVFHYQVKIHFSGTESDTQTNQVFE
1,KREPDSNVIVVDWLYRAQQHYPVSAGYTKLVGNDVARFINW
1,LTNKKVNRITGLDPAGPNFEYAEAPSRLSPDDADFVDVLHT
1,KRSSKMYLKTRSQMPYKVFHYQVKIHFSGTENDKQNNQAFE
1,TGTPKALIFVSHGAGEHSGRYEELARMLMGLDLLVFAHDHV
1,KREPDSNVIVVDWLSRAQQHYPVSAGYTKLVGQDVAKFMNW
1,LTNKKVNRITGLDPAGPNFEYAEAPSRLSPDDADFVDVLHT
1,KRSSKMYLKTRSQMPYKVFHYQVKIHFSGTESNTYTNQAFE
1,LIEPTLLDELICYIGTLASVYHKPPSAFVEGGRGVVHKSLP
1,INIGHFNDPVHGGSWIRGAIYYFKIAVALAVAAIPEGLPAV
1,NIGHFNDPVHGGSWIRGAIYYFKIAVALAVAAIPEGLPAVI
1,PVTSAHAGTYRCYGSRSSNPYLLSHPSEPLELVVSGATETL
1,INIGHFNDPVHGGSWIRGAIYYFKIAVALAVAAIPEGLPAV
1,NIGHFNDPVHGGSWIRGAIYYFKIAVALAVAAIPEGLPAVI
1,VFTRFCNGLTQIETLFKSKNYEFMWNPHLGYILTCPSNLGT
1,VFTRFCNGLTQIETLFKSKNYEFMWNPHLGYILTCPSNLGT
1,FAPEEISAMVLTKMKETAEAYLGKKVTHAVVTVPAYFNDAQ
1,TDRVTGTNKGISPVPINLRVYSPHVLNLTLVDLPGMTKVPV
1,IQHISLNPPRCTIAMRVINNYRWRCKNQNTFLRTTFANVVN
1,AKAAAFVTSPPLSPDPTTPDYLTSLLACGDLQVTGSGHCPY
1,FAPEEISAMVLTKMKETAEAYLGKKVTHAVVTVPAYFNDAQ
1,ISSIEQKTDTSDKKLQLIKDYREKVESELRSICTTVLELLD
1,EKVESELRSICTTVLELLDKYLIANATNPESKVFYLKMKGD
1,WEPELVKLMCELGNVIINQIYEARVEAMAVKKPGPSCSRQE
1,IQHISLNPPRCTIAMRAINNYRWRCKNQNTFLRTTFANVVN
1,-----------------MEGYQRPCDEVGFNADEAHNIVKE
1,AKAAAFVTSPPLSPDPTTPDYLTSLLACGDLQVTGSGHCPY
1,IQHINVNPPRCTIAMRVINNYQRRCKNQNTFLRTTFAYTAN
1,IQHVSLNPPQCTTAMRVINNYQRRCKDQNTFLRTTFANVVN
1,ITPTHIQAARAGNTIHAILLYRRTLDREELKPIRLLGSTIP
1,FIQLALQLAHYKDMGKFCLTYEASMTRLFREGRTETVRSCT
1,ITPTHIQAARAGNTIHAILLYRRTVDREELKPIRLLGSTIP
1,FIQLALQLAHYKDMGKFCLTYEASMTRLFREGRTETVRSCT
1,AKAAAFVTSPPLSPDPTTPDYLTSLLACGDLQVTGSGHCPY
1,INIGHFNDPVHGGSWIRGAIYYFKIAVALAVAAIPEGLPAV
1,NIGHFNDPVHGGSWIRGAIYYFKIAVALAVAAIPEGLPAVI
1,ISSIEQKTDTSDKKLQLIKDYREKVESELRSICTTVLELLD
1,EKVESELRSICTTVLELLDKYLIANATNPESKVFYLKMKGD
1,LIEPTLLDELICHIGSLASVYHKPPNAFVEGSHGIHRKHLP
1,ISSIEQKTDTSDKKLQLIKDYREKVESELRSICTTVLELLD
1,EKVESELRSICTTVLELLDKYLIANATNPESKVFYLKMKGD
1,IQHISLNPPRCTIAMRVINNYRWRCKNQNTFLRTTFANVVN
1,INIGHFNDPVHGGSWIRGAIYYFKIAVALAVAAIPEGLPAV
1,NIGHFNDPVHGGSWIRGAIYYFKIAVALAVAAIPEGLPAVI
1,-----------------MEEYHRHCDEVGFNADEAHNIVKE
1,-----------------MEEYHRHCDEVGFNAEEAHNIVKE
1,-------------------MYSGAGPALAPPAPPPPIQGYA
1,FAPEEISAMVLTKMKETAEAYLGKKVTHAVVTVPAYFNDAQ
1,ISSIEQKTERNEKKQQMGKEYKMKGDYFRYLSEVASGDNKQ
1,ILPTHIQAARAGNAIHAILLYRRKLDREEIKPIRLLGSTIP
1,FVQLALQLAHYKDMGKFCLTYEASMTRLFREGRTETVRSCT
1,VLPSVRKAEAQIAAKNLDKEYLPIGGLAEFCKASAELALGE
1,IQHIQTTPLHCTYAMRAINRYQPRCKNRNTFLHTTFADVVN
1,IQHINMTSGQCTNAMLVINNYQRRCKNQNTFLLTTFADVVH
1,SGTPKALIFVSHGAGEHCGRYDELAQMLKRLDMLVFAHDHV
0,LTEFQTNLVPYPRIHFPLATYAPVISAEKAYHEQLSVAEIT
0,HPEQLITGKEDAANNYARGHYTIGKEIIDLVLDRIRKLADQ
0,ANQMVKCDPRHGKYMACCLLYRGDVVPKDVNAAIATIKTKR
0,FGGGTGSGFTSLLMERLSVDYGKKSKLEFSIYPAPQVSTAV
0,SNTTAVAEAWARLDHKFDLMYAKRAFVHWYVGEGMEEGEFS
0,PLQGTTGLIPLLGIDVWEHAYYLQYKNVRPDYLKAIWNVIN
0,GMEEGEFSEAREDMAALEKDYEEVGIDSYEDEDEGEE----
0,LIANATNPESKVFYLKMKGDYFRYLAEVACGDDRKQTIDNS
0,TKRTIQFVDWCPTGFKVGINYQPPTVVPGGDLARVQRAVCM
0,VDNEAIYDICRRNLDIERPTYTNLNRLISQIVSSITASLRF
0,PVLGYLGSRQKHSLPDLPYDYGALEPHINAQIMQLHHSKHH
0,CISIHVGQAGVQIGNACWELYCLEHGIQPDGQMPSDKTIGG
0,TTHTTLEHSDCAFMVDNEAIYDICRRNLDIERPTYTNLNRL
0,SKLEFSIYPAPQVSTAVVEPYNSILTTHTTLEHSDCAFMVD
0,KPSWGNHTPIFRDAGMQLQSYRYYDPKTCGFDFTGALEDIS
0,KEMQPTHPIRLGLALNFSVFYYEILNSPEKACSLAKTAFDE
0,PRAVFVDLEPTVVDEVRTGTYRQLFHPEQLITGKEDAANNY
0,FIDWMEEKFNYPLNNVHLLGYSLGAHAAGIAGSLTKKKVNR
0,ENIPFTLPEVSTNKTYSFLLYTEVDIGELLMLKLKWISDSY
0,RCNNLGYEINKVRAKRSSKMYLKTRSQMPYKVFHYQVKIHF
0,PGRRFYVVACDNRDPRDSPRYPVVPVHLDATI---------
0,FIEQGINVCLCQSYAKNMGLYGERVGAFTMVCKDADEAKRV
0,VTEAYKRDTNSKKMNLGVGAYRDDNGKPYVLPSVRKAEAQI
0,LHHSKHHAAYVNNLNVTEEKYQEALAKGDVTAQIALQPALK
0,EEDKKLKERIDTRNELESYAYSLKNQIGDKEKLGGKLSPED
0,GSYFGTETLKNLVLHFLQQYYAVYDSGDRQRLLDAYHDGAC
0,RPDYLKAIWNVINWENVTERYMACKK---------------
0,IEKLAVEALSSLDGDLSGRYYALKSMTEAEQQQLIDDHFLF
0,AIVGVWQERNAENAIEALKEYEPEMGKVYRQDRKSVQRIKA
0,VLADDNFSTIVAAVEEGRAIYNNMKQFIRYLISSNVGEVVC
0,ATICALCNDSALDYNEAKGVYKKFGEATETALTCLVEKMNV
0,NPKEPLISGWLFFRYLAIGCYVGAATVGAAAWWFIAADGGP
0,AVTEQGHELSNEERNLLSVAYKNVVGARRSSWRVISSIEQK
0,--MEKTELIQKAKLAEQAERYDDMATCMKAVTEQGAELSNE
0,LSEVASGDNKQTTVSNSQQAYQEAFEISKKEMQPTHPIRLG
0,TLNAAKVPADTKVVCAPPTAYIDFARQKLDPKIAVAAQNCY
0,FEQTKVIADNVKDWSKVVLAYEPVWAIGTGKTATPQQAQEV
0,YEILNSPEAIAELDTLNEESYKDSTLIMQLLRDNLTLWTSE
0,IYFSGTETTTYTNQAFEISLYGTVAESENIPFTLPEVSANN
0,EPYLEILESYSTKAKNYVNGYCTKYEPWQLIAWSVLCTLLI
0,RYLFLGDYVDRGYFSIECVLYLWALKILYPKTLFLLRGNHE
0,RSVSIPAPAYYAHLVAFRARYHLVDKEHDSAEGSHTSGQSN
0,ERSIHLFIDSLLNEENPSKAYRCSSKEAFEKGLCLSCRKNR
0,DWWEEYVYLRGRGPLMVNSNYYAMDLLYVIPTHLQAATAGN
0,GNEKTQEHFTHNTVRGCSYFYSYPAVCDFLQHNNLLSILRA
0,PDVVNCMQTDNLELKKLVYLYLMNYAKSQPDMAIMAVNSFV
0,HFNHTSKTFVVIHGWTVTGMYESWVPKLVAAPYKREPDSNV
0,HGWTVTGMYESWVPKLVAALYKREPDSNVIVVDWLSRAQEH
0,NVIVVDWLYRAQQHYPVSAGYTKLVGNDVARFINWMEEEFN
0,QVPLIHCNLTTPSQNISNCKYTQTTANKFYIVACNNSDPVR
0,EAFEKGLCLSCRKNRCNNLGYKVNRVRTKRNTKMYLKTRAQ
0,TRGSPGRSIGIQKPVGHVDIYPNGGTFQPGCNIGEAIRVIA
0,VKDSRHIVVYHRGRYFKVWLYHDGRLLRPRELEQQMQQILD
0,LKLKSWWATNYVSDWWEEYVYLRGRGPLMVNSNYYAMDLLY
0,YTEVDIGELLMLKLKWVSDSYFSWSNWWSSPGFAIEKIRVK
0,GAFLKGAEQDNPNQYSWGENYAASSGLMSTSPELCPTQRAR
0,LTGPQTISNCVYSSTQANMFYVVACDNRDPRDPPQYPVVPV
0,QWTASIVEQSLTHLVKLGKAYKYIVTCAVVQKSAYGFHTAS
0,LENAKRFAIDIGGSLTKLAYYSTVQHKVAKVRSFDHPGKDV
0,VPLLHCDLINPGAQNISTCRYADRPGRRFYVVACESRDPRD
0,DYLPIVLGSEMQKWIPPYQGYNNSVDPRISNVFTFAFRFGH
0,IYMTKDGRISVAGVTSGNVGYLAHAIHQVTK----------
0,DVSESGTFLGLGTVTGSVAIYIAFSLQCLYYVREAHGIVVT
0,-MDCYTANWNPLGDSAFYRKYELYSMDWDLKEELKDCLVAA
0,WKEIATVVKKRNLFAFFDMAYQGFASGDGDKDAWAVRHFIE
0,FCFTGLKPEQVERLTKEFSVYMTKDGRISVAGVTSGNVGYL
0,KDAEEAKRVESQLKILIRPLYSNPPLNGARIAATILTSPDL
0,GVREELEVLVQDKGVNSFQVYMAYKDLYQMSDSQLYEAFTF
0,LRVLNAIRDYHIGIPLTYTQYKQLTIQVLLDRLVLRRLYPL
0,GQFFDLMKLFEVGGSPANTRYLFLGDYVDRGYFSIECVLYL
0,EEEDKKEDVGTVVGIDLGTTYSCVGVFKNGRVEIIANDQGN
0,FKNGRVEIIANDQGNRITPPYVAFTPEGERLIGDAAKNQLT
0,IMKGGSKEYWFVLTAENLSWYKDDEEKEKKYMLSVDNLKLR
0,LIVQKRPEILKHEMKVFFVKYNDPIYVKLEKLDIMIRLASQ
0,TNAIQGMFVLGLPYAILHGGYLGLFLIIFAAVVCCYTGKIL
0,TIAGLNVMRIINEPTAAAIAYGLDKREGEKNILVFDLGGGT
0,HYHVLWDDNRFSSDELQILTYQLCHTYVRCTRSVSIPAPAY
0,MGLNAEHSWADAPIVAHLWEYVMSIDSLQLGYAEDGHCKGD
0,MSSKHIFALFNTEQRNVYKDYRQLELACETQEEVDSWKASF
0,HQTFPLQQESGQTVECTVAQYFKDRHKLVLRYPHLPCLQVG
0,SNNGPCLGSRKPDQPYEWLSYKQVEDLSECIGSALLQKGFQ
0,SVQQDIKFLPFKVVEKKTKPYIQVDIGGGQTKTFAPEEISA
0,QYESIAAKNLQEAEEWYKSKYADLSDAANRNHEALRQAKQE
0,LGGRVVNVAQIIELVMTCILYVVVSGNLMYNSFPGLPVSQK
0,YGYAPKGSSVVMYSNEKYRKYQFFVDADWQGGIYASPSIAG
0,AAPVSATVLTFLRAALGCQFYEGYGQTECTAGCSLSVPGDW
0,DTHLGGEDFDQRVMEHFIKLYKKKTGKDVRKDNRAVQKLRR
0,VPLIHCNLTTPSPQNISNCGYAQTPANMFYIVACDNRDQRR
0,DFKAKKKELEEIVQPIISKLYGSGGPPPTGEEDTSEKDEL-
0,ETAEAYLGKKVTHAVVTVPAYFNDAQRQATKDAGTIAGLNV
0,IVSGVLFGTGLWVAVIMTMRYSLKVLLSYHGWMFAEHGKMS
0,ERNPEYVSSGGGFGPVADDGYGVSYILVGENLINFHISSKF
0,QHLYRLAMTGSGIDRHLFCLYVVSKYLAVDSPFLKEVLSEP
0,KKDITAALAAERKFFLSHPSYRHLADRMGTPYLQKVLNQQL
0,QQVLSLATQDSDNPDLRDRGYIYWRLLSTDPVTAKEVVLSE
0,TKVNYVVQEAIVVIKDIFRKYPNKYESVIATLCENLDSLDE
0,KHIFKLAQGEYIAPEKIENIYVRSEPVAQVFVHGESLQAFL
0,SIDNGLLTPTLKAKRPELRNYFRSQIDELYSTIKI------
0,KEFFNGKEPSRGINPDEAVAYGAAVQAGVLSGDQDTGDLAL
0,KKSQISSTASDNQPTVTIKVYEGERPLTKDNHLLGTFDLTG
0,GRTIKLQANFFEMDIPKIDIYHYELDIKPEKCPRRVNREIV
0,HNNLLSILRAHEAQDAGYRMYRKSQTTGFPSLITIFSAPNY
0,HLTEYFTFKQECKIKYSERVYDACMDAFDCLPLAALMNQQF
0,YRKSQTTGFPSLITIFSAPNYLDVYNNKAAVLKYENNVMNI
0,GFTMKSRMIEHQRTHTGEKPYICSECGKGFPRKSNLIVHQR
0,VLSAVKVLMKFMEMLSKDLDYYATLLKKLAPPLVTLLSAEP
0,GNPSFTLSLKCRAPEVSQHVYQAYETILKN-----------
0,LIIFAAVVCCYTGKILIACLYEENEDGEVVRVRDSYVAIAN
0,DNPGHPFIMTVGCVAGDEESYEAFKELFDPIIEDRHGGYKP
0,TVGAAAWWFIAADGGPRVSFYQLSHFLQCKEDNPDFDGVDC
0,ESYEAFKELFDPIIEDRHGGYKPSDEHKTDLNPDNLQGGDD
0,ENIWLVGSICLSMSLHFLILYVEPLPLIFQITPLNLTQWLM
0,LKISLPVILMDETLKFVARNYLEPGKECVQPAPQSCSLWAC
0,EHKTDLNPDNLQGGDDLDPNYVLSSRVRTGRSIRGFCLPPH
0,QIETLFKSKNYEFMWNPHLGYILTCPSNLGTGLRAGVHIKL
0,MKMEPLNNLQVAVKNNIDVFYFSCLIPLNVLFVEDGKMERQ
0,QLMKKEFTLEFSRDRKSMSVYCTPNKPSRTSMSKMFVKGAP
0,STYAPIGEVHKDDKPVNCHQYDGLVELATICALCNDSALDY
0,LDRVEGDTCSLNEFTITGSTYAPIGEVHKDDKPVNCHQYDG
0,HNRLARELKRLNPQWDGEKLYQEARKILGAFVQIITFRDYL
0,QCKEDNPDFEGVDCAIFESPYPMTMALSVLVTIEMCNALNS
0,HDNPLRREEMHLEDSANFIKYETNLTFVGCVGMLDPPRIEV
0,AGLAPGVSSFLQMAVSFTYRYLALFTDTGYIWMGTASLKEK
0,GALLLEAQKEYEKESQKADEYLREIQELGQLTQAVQQCIEA
0,INQKLGDTPGVSYSDIAARAYGCGRTELAIKLLEYEPRSGE
0,FSYSMVVVPLYDTLGADAITYIVNKAELSVIFADKPEKAKL
0,------MPGTDLLKLKDFEPYLEILESYSTKAKNYVNGYCT
0,EFPDLSGHNNHMAKVLTPELYAELRAKSTPSGFTLDDVIQA
0,DDGDVAMNDPQDGPRVRFNPYTTRPNRRRDTWHDRDRIHVT
0,FLQQYYVIYDSGDRQGLLYAYHDGACCSLSIPYNPQNPVRK
0,VLLDRLVLRRLYPLAIQICEYLRLPEVQGVSRILAHWACYK
0,VGKAEQGKFALEVAAKTLPFYKDYFNVPYPLPKIDLIAIAD
0,AEVYTEEDAVSYVRKVIPKDYKTMTALAKAISKNVLFSHLD
0,HVGAPMPCNYIKLVDVEDMNYQAAKGEGEVCVKGANVFKGY
0,SKGAYLLMESSRSQDKTLKMYEGAYHVLHRELPEVTNSVLH
0,VPYQDLPHLVNADGQYLFCRYWKPSGTPKALIFVSHGAGEH
0,KLRAAEDELNIESKDRIPVSYKRTGFFGNALYALGMTAVGL
0,DQLVTQLQWQENGPASSNTPYRYQACRFGQVPDQLGGLRLF
0,EEAGAALRTARAGYRGRALDYALQINVIEDKRKFDIMEFVL
0,LVCDNTRITKVPRDPFWANSYPYDFVDCSAIDKLDLSPWAS
0,PVTHIDGETVIQQGNEGDNFYVIDQGEVDVYVNGEWVTNIS
0,SLLTSFEKWHEAADTKSCCDYSLHVDITSWYDGVREELEVL
0,QRMTALAQDFAVNLGPKLQWYLKLKSWWATNYVSDWWEEYI
0,PMEHGVVRDWNDMERIWQYVYSKDQLQTFSEEHPVLLTEAP
0,VIDNGSGVIKAGFAGDQIPKYCFPNYVGRPKHMRVMAGALE
0,KTWSRRWFTIQNNQLVYQKKYKDPVTVVVDDLRLCTVKLCP
0,LQRRSPNEEYVEVGRLGPSDYFGEIALLLNRPRAATVVARG
0,YQRVKIRNKVFGLQGVSRGMYDGPVYEVPATPKYATPAPSA
0,GQIVDHDLDFAPDTELGSSEYSKAQCDEYCIQGDNCFPIMF
0,TGTTEGVRRSAVLEDDKLLLYYYDDVRTMYDGFQRGIQVSN
0,IGIFAQNRPEWVIIEQACFAYSMVVVPLYDTLGADAITYIV
0,RLLIRGGRIINDDQSFYADVYLEDGLIKQIGENLIVPGGVK
0,GSGGARRSALLDSDEPLVYFYDDVTTLYEGFQRGIQVSNNG
0,PSGFTLDDAIQTGVDNPGHPYIMTVGAVAGDEESYDVFKDL
0,EMDRLERPLVNLPLLLDPSSYVPDTVDLTDDALARQYWLTC
0,KTRNGFRVPLAREVSNKIVGYLDEEGVLDQNRSLLFMQWGQ
0,ADEAHNIVKECIDGVLGGEDYNQNNINQWTASIVEQSLTHL
0,IKDHLVNTETKVIQATGGGAYKFKDLIEEKLRLKVDKEDVM
0,VQNELKPEQVEQLKLIMSKRYDGSQQALDLKGLRSDPDLVA
0,CPRNASLHNCHHSRVQVPLTYCNLTGPPTISNCVYSSTQAN
0,HGFDLAAINLQRCRDHGMPGYNSWRGFCGLSQPKTLKGLQA
0,RQPQAGLSQANFTLSPVSRSYGGQYRCYGAHNVSSEWSAPS
0,YQKDSDPEFRFQTNHPHIFPYLLVNIGSGVSIVKVETGDRF
0,RERGADLVVIEGMGRAVHTNYHALLRCESLKLAVVKNAWLA
0,CCSLSTPSNPQNPVRHNLAKYFNDSRNVKKIKDTTTRFRLL
0,PPPIAFDVEAPTTLPPCKGSYFGTENLKSLVLHFLQQYYAI
0,VKNAWLAERLGGQLFSVIFKYEVPAE---------------
0,AKVRSFDHPGKDAEQDHEPPYEISVQEEITARLHFIKFENT
0,CTDGISWPFVLLIMPLVIWVYSTDTNFSDMFWS--------
0,STSQTPQQQVELFDFEKYPDYVSCGGGFGPVADDGYGVSYI
0,LYQEARKILGAFIQIITFRDYLPIVLGSEMQKWIPPYQGYN
0,EISVQEEITARLHFVKFENTYIEACLDFIKDHLVNTETKVI
0,VKLGKAYKYIVTCAVVQRSPYGFHTASSCFWDTTSDGTCTV
0,VRSLLDTREHCLNEFNFPDPYSKVKQRENGVALRCFPGVVR
0,YFGFEEAKRKLQERPWLVDSYSEWLQRLKGPPHKCALIFAD
0,KKSPIGYLPFVEICMKQHNKYEAKKYASRVGPEQKVKALLL
0,RIIEENIPELLSLNLSNNRLYKLDDMSSIVQKAPNLKILNL
0,TSQDGTSKNWFKITIPYGRKYDKSWLLNVIQSKCSVPFTPI
0,RVYFGGFFIRGHPVTMRTITYSINFFSKGEVQALFLRHEGY
0,GTQGKCMPFFRAGFVCPTPPYKSLAREQINALTSFLDASFV
0,LEELNTVLKSKMLAKKLLGLYGTPDNIDIWIGAIAEPLVER
0,QSLAREQINALTSFMDASMVYGSEPSLANRLRNLSSPLGLM
0,-------------MADEGKSYNEHDDRVSFPQRRKKGRGPF
0,WLLSMIQSKCSVPFTPIEFHYENTRAQFFVEDASTASALKA
0,VASQPESMDAVERAEKFRQKYWGKLQTLRHQPFAYGTLTVR
0,DPPSYVPDTVDLTDDALARKYWLTCFEEALDGVVKRAVASQ
0,TCLIKGCNFVLKNIPHEAFVYQKDSDPEFRFQTNHPHIFPY
0,TQSGMNLEWSQKCLQDNNWDYTRSAQAFTHLKAKGEIPEVA
0,YSINFFSKGEVQALFLRHEGYLGAIGAFLKGAEQDNPNQYS
0,SWEVGCGHPAPTVTCNISNPYRTITGDCNNRKNPELGSANR
0,TLDETEEGYRSEDPDTSMDSYAKSLLHGRCYDRWFDKSFTF
0,LSSPLGLMAVNQEVSDHGLPYLPYDSKKPSPCEFINTTARV
0,LLQLASRGRHANVDMLVQDIYGGAHQTLGLSGNLIASSFGK
0,EKFRQKYWNKLQTLRQQPFAYGTLTVRSLLDTREHCLNEFN
0,LIRALAVRTMGCIRVDKITEYLCEPLRKCLKDEDPYVRKTA
0,LLKKLAPPLVTLLSAEPELQYVALRNINLIVQKRPEILKHE
0,SKFSLLCTLAHFVINILVIAYCLSRARDWAWEKVKFYIDVK
0,MQAHELLQYFRLPELVDIRQYVRTLPTNTLMGFGAFAALTT
0,EKAKRALSSQHQARIEIESFYEGEDFSETLTRAKFEELNMD
0,DSCGCVTSGGTESILMACKAYRDLALEKGIKTPEIVAPESA
0,FIFGDPQLSVIALGSNDFDIYRLSNMMSAKGWNFNYLQFPR
0,LKEYSSMDVFWQEGKASGAVYSGEPKLTELLVQAYGEFTWS
0,EQSAERCVSTLLDLIQTKVNYVVQEAIVVIKDIFRKYPNKY
0,LQSSNIFTVAKRNVEGQDMLYQSLKLTNGIWVLAELRIQPG
0,MVKDEMTDVTGRVLQPPSILYGGRNKAIATPVQGVWDMRNK
0,RESTHQSEDVFLPSPRDCFPYNNYPDSDDDTEAPPPYSPIG
0,ITILSYHSSIGVRKDELVHGYILVYSAKRKASMGMLRAFLS
0,QLLPTPSDRSRYRLDLEGNEYPVHSTPNCHDHERNHKVPPP
0,SLDAVEKAAFFVTLDETEQGYREEDPDASMDSYAKSLLHGR
0,HRQEIIQDLAAMVRELLIQFYKSTRFKPTRIIFYRDGVSEG
0,RDHQALAKAVQVHQDTLRTMYFA------------------
0,LVLRYPHLPCLQVGQEQKHTYLPLEVCNIVAGQRCIKKLTD
0,QTVKQKLRLFKIASEKHQHLYRLAMTGSGIDRHLFCLYVVS
0,ESVTQIMKNPKAKTTGMGAIYGMAQTTVDRNMVAELSSVFL
0,LRKISRDAGMPIQGQPCFCKYAQGADSVEPMFRHLKNTYAG
0,--MLSRGVCGTSRQLAPALGYLGSRQKHSLPDLPYDYGALE
0,QVVTESQKEQHSELDKSPQSY--------------------
0,ELMTEGEHIATEITAKFTALYSLSQYHRQTEVFTLFFSDVL
0,IGGICSVSGFVHSLEGLIEAYRTNAED--------------
0,MYLKTRSQMPYKVFHYQVKIYFSGTETTTYTNQAFEISLYG
0,VLKYENNVMNIRQFNCSPHPYWLPNFMDVFTWSLPFVGEKV
0,TLPTNTLMGFGAFAALTTFWYATRPKALKPPCDLSMQSVEV
0,DKTERFHALKEIVKKFHPVNYDVFRYVITHLNRVSQQNKIN
0,EALLRQLRELEEQFALEAGGYQAGAARLEEELRQLKEEMAR
0,DEGTDARDVLENKLLPLRRGYIGVVNRSQKDIDGKKDITAA
0,ACETQEEVDSWKASFLRAGVYPERVGDKEKASETEENGSDS
0,CKYAQGADSVEPMFRHLKNTYAGLQLVVVILPGKTPVYAEV
0,AKLAALTAGERVPWAKCRQAYFGRGKNKQSLDAVEKAAFFV
0,SSGLSDLFDLTSGVGTLSGSYVAPKAVWLPAMKAKGLEISG
0,QVLHHELLAIREACIKLEKDYQPGITFIVVQKRHHTRLFCT
0,CFTALVQMLDKTRSKPKIIPYLDAYKTQRQLVVTATDKFEK
0,FPFELVKMEFDEKELRREISYAIKNIHGIRTGLFTPDMAFE
0,TRAQFFVEDASTASALKAVNYKILDRENRRISIIINSSSPP
0,TALNECTEWGQIFILDCLSNYNPKDDREAQSICERVTPRLS
0,NCGVGKSCLCNRFVRSKADEYYPEHTSVLSTIDFGGRVVNN
0,VRDYHATWKTVSNKLKNHPDYEEYINLEGTRKARNTFSKHI
0,DMDSSDNYVEPLDTIFKQKGYSDEIYVVPDDSQNRIIKIRN
0,LVIAYCLSRARDWAWEKVKFYIDVKKFPISIGIIVFSYTSQ
0,YPDDENLVEVKFARTPVMSTYLVAFVVGEYDFVETRSKDGV
0,KTPEIVAPESAHAAFDKAAHYFGMKIVRVAQKKNMEVDVRA
0,VKFYIDVKKFPISIGIIVFSYTSQIFLPSLEGNMQQPSEFH
0,PLHVDACLGGFLIVFMEKAGYPLEHPFDFRVKGVTSISADT
0,VEVLEKSLFQEGSRAFFPACYSGDGRLKSWGLTLRCALVVF
0,IRKGWLTINNIGIMKGGSKEYWFVLTAENLSWYKDDEEKEK
0,LYPKTLFLLRGNHECRHLTEYFTFKQECKIKYSERVYDACM
0,EKPFDFRVKGVTSISADTHKYGYAPKGSSVVMYSNEKYRTY
0,LANEIRTQSTDDEYALDGKIYELDLRPVDAKSPYILSQLWT
0,VKTLPAQGLSTAEVLERLKEYSSMDVFWQEGKASGAVYSGE
0,EVEATVKPELTAALRDIRAQYENIAAKNLQEAEEWYKSKYA
0,SNEKYRTYQFFVGADWQGGVYASPSIAGSRPGGIIAACWAA
0,LEGVENKLTPCLKIIVIMDSYDNDLVERGQKCGVEIIGLKA
0,MMNWTHIAACVLKGLFALVAYLTWADETKEVITDNLPGSIR
0,SFQTSLPRLPVPAVKDTVNRYLQSVRPLMKEEDFKRMTALA
0,TIFSAPNYLDVYNNKAAVLKYENNVMNIRQFNCSPHPYWLP
0,KNTYAGLQLVVVILPGKTPVYAEVKRVGDTVLGMATQCVQM
0,HFKTQIFGDRKPVFDGRKNLYTAMPLPIGRDKVELEVTLPG
0,LPGSIRAVVNLFLVAKALLSYPLPFFAAVEVLEKSLFQEGS
0,IMIRLASQANIAQVLAELKEYATEVDVDFVRKAVRAIGRCA
0,HSMDPQLERQVETIRNLVDSYMAIVNKTVRDLMPKTIMHLM
0,KASGAVYSGEPKLTELLVQAYGEFTWSNPLHPDIFPGLRKL
0,REREGRTKEQVMLLIDIELAYMNTNHEDFIGFANAQQRSNQ
0,QQFAVDFEKRIEGSGDQIDTYELSGGARINRIFHERFPFEL
0,KSWGLTLRCALVVFTLLMAIYVPHFALLMGLTGSLTGAGLC
0,YRDFLPLVLGRARIRRTLGPYRGYCSNVDPRVANVFTLAFR
0,RPGGIIAACWAALMHFGENGYVEATKQIIKTARFLKSELEN
0,DMVISELISTVRQCTKKLQQYPRLREEMERIVTTHIREREG
0,---------------MTDSKYFTTTKKGEIFELKAELNSDK
0,QATIDRKLVAEISSVFLDCLYTTDPVTQGNQMNGSPKPR--
0,TKEIKGLKVEITHCGQMKRKYRVCNVTRRPASHQTFPLQQE
0,NLDSLDEPEARAAMIWIVGEYAERIDNADELLESFLDGFHD
0,DKITEYLCEPLRKCLKDEDPYVRKTAAVCVAKLHDINAQLV
0,VPFETIQALDVVMRHLPSMRYTPVGRSFFTASEGCSNPLGG
0,DGKKPSIAAVVGSMDAHPNRYCATVRVQQHRQEIIQDLAAM
0,RELLIQFYKSTRFKPTRIIFYRDGVSEGQFQQVLHHELLAI
0,NIPAGTTVDTKITHPTEFDFYLCSHAGIQGTSRPSHYHVLW
0,VTMEWWTHLWLNEGFASWIEYLCVDHCFPEYDIWTQFVSAD
0,MHLMINNTKEFIFSELLANLYSCGDQNTLMEESAEQAQRRD
0,IKKCRTSPDAFVQLALQLAHYKDMGKFCLTYEASMTRLFRE
0,RSTKIWMAMVKVLSGRKPMLYSFQTSLPRLPVPAVKDTVSR
0,PGLRNKLQSQLLSIEKEVEEYKNFRPDDPARKTKALLQMVQ
0,PQFPHGVMDPVPEVAKLAVRYKIPLHVDACLGGFLIVFMEK
0,RRSPALGAANRALARWLPAEYEDGLAVPFGWTQRKTRNGFR
0,GSGIVTRRPLVLQLVNSTTEYAEFLHCKGKKFTDFEEVRLE
0,PVSPSRRWSYRCYAYDSNSPYVWSLPSDLLELLVPGVSKKP
0,EFDFYLCSHAGIQGTSRPSHYHVLWDDNRFSSDELQILTYQ
0,GQFPIPSITWEHAGRYHCQYYSHNHSSEYSDPLELVVTGAY
0,NTLMEESAEQAQRRDEMLRMYHALKEALSIIGDINTTTVST
0,PDRQEEISKLMRSASFNTDPYVREFGIMVKDEMTDVTGRVL
0,YSGAGPVLASPAPTTSPIPGYAFKPPPRPDFGTTGRTIKLQ
0,SVRPSLWKMMLNIDVSATAFYKAQPVIEFVCEVLDFKSIEE
0,LREYQELLNVKMALDIEIATYRKLLEGEESRISVPVHSFAS
0,STSYRRTFGPPPSLSPGAFSYSSSSRFSSSRLLGSASPGSS
0,RTRLKTTLSSEAPTTQQLSEYFKHAKGQTRTAIRNGQVWEE
0,VLKNVKPDQWVKLNLGTVGFYRTQYSSAMLESLLPGIRDLS
0,YMAAMGEGEVCVKGPNVFKGYLKDPAKTAEALDKDGWLHTG
0,YEPWQLIAWSVVWTLLIVWGYEFVFQPESLWSRFKKKCFKL
0,NQAEFRMGPVTSAHVGTYRCYSSLSSNPYLLSLPSDPLELV
0,DLEDWEELEKFSKSKKSPIGYLPFVEICMKQHNKYEAKKYA
0,SDFQVFVRDVLQHVDTIQKDYPDVPIFLLGHSMGGAISILV
0,MTLGRIDSSVLSRNKSEVDLYNSDPLVCRAGLKVCFGIQLL
0,EYLRLPEVQGVSRILAHWACYKARAWDMRDEDVARAINQKL
0,QGPVVTPGENLTLQCGSDVGYIRYTLYKEGADGLPQRPGRQ
0,YLTSLLACGDLQVTGSGHCPYSTAQKAVGKDNFTLIPEGVN
0,VEAQATYFQQGHEELNRLAQYRKELGTQLHNLVLNSARQKR
0,NKVKLSIPSMMWEHAGRYHCYYQSPAGWSEPSDPLELVVTA
0,GGSILASLDTFKKMWVSKKEYEEDGSRAIHRKTF-------
0,VEVYLHPGAVVFGRPRLALMYRMQVANIDKFEEKLRAAEDE
0,VKKPGPSCSRQEKEAWIHAKYVEKKFLTKLPEIRGRRGGRG
0,ALSLYRQFCKHQELETLKDLYNQDDNHQELGSFHIRASYAA
0,SFKDVAGMHEAKLEVREFVDYLKSPERFLQLGAKVPKGALL
0,GFAMPHSIMRVDIAGRDVSRYLRLLLRKEGADFHTSAEFEV
0,SFNEVTSGAQDDLRKVTRIAYSMVKQFGMAPGIGPISFPEA
0,LGWSAEEELLCVQEDGVVLVYGLHGDFRRHFSMGNEVLQNR
0,DIAARAYGCGRTELAIKLLEYEPRSGEQVPLLLKMKRSKLA
0,AAEERIEGRVAALQTAADAFYKAKNEFAAKATEDQMRLLRI
0,----MGRRRGVELYRAPFPLYALRIDPKTGLLIAAGGGGAA
0,RLMVVGNAPESIQFVLDEDSYLVPELDGVRIFSRSTHEFLH
0,ELNRGDFFMTLRNQPMALSLYRQFCKHQELDTLKDLYNQDD
0,PVQFEDGEKIVVQGEPGDDFYIITEGTASVLQRRSPNEEYV
0,LLRNPWRKEKAASVRPVLDIYSASGMPLASLLWKSGPVVSL
0,DNLDKLQALANALLEKEVINYEDIEALIGPPPHGPKKMIAP
0,KGPLVFGEPIAASLGTDGTHYWSKNWAKAAAFVTSPPLSPD
0,-----MPEASSPRRTPQNVPYQDLPHLVNADGQYLFCRYWK
0,IDRDSYRRILMGSTLRKRKMYEEFLSKVSILESLEKWERLT
0,NDKMKGFYRSRYTTPAGEVRYAAVTQFEATDARRAFPCWDE
0,LAKGEVQRVQVVPESDVVEVYLHPGAVVFGRPRLALMYRMQ
0,FFGNALYALGMTAVGLAILWYVFRLAGMTGREGGFSAFNQL
0,PRFERVLGPCSEILKRNIQRYNSFISLTV------------
0,TMPTRICTQCRYQTTGSVKYYRVACENRTPQDTPMYPVVPV
0,SCQAQILSQKFYTQHIYNSTYPRCDAVMRVVNRYRPRCKDI
0,FISPGQPWEEVMCFVMEDEAYKYITEADSKEVYGRHQREIV
0,FSQGLQQMMDHEAKLLVAKAYRHTEKVLLDNLDKLQALANA
0,LRLAKMREAEAAQGQAGDETYLDIFRDFSLMASDDPEKLSR
0,FFETFNVPALFISMQAVLSLYATGRTTGVVLDSGDGVTHAV
0,LEELWLDRNPMCDTFLDQSTYISTIRERFPKLLRLDGHELP
0,CKASAELALGENNEVLKSGRYVTVQTISGTGALRIGASFLQ
0,YSMDWDLKEELRDCLVAAAPYGGPIALLRNPWRKEKPASAR
0,INVNKGMGRFIPRKAFPEHLYQRVKIRNKVFGLQGVSRGMY
0,RAATVKAKTDLKLWGIDRDSYRRILMGSTLRKRKMYEEFLS
0,VKKLAPKDIKIKISAPQERLYSTWIGGSILASLDTFKKMWV
0,FQALFPMGPLTFSNRGTFRCYGYENNTPYVWSEPSDPLQLL
0,MDENQFVAVTSTNAAKIFNLYPRKGRIAVGSDADVVIWDPD
0,PQPNRGLAFFVGYGVTLSMAYRLLRSRLYL-----------
0,DLYNQDDNHQELGSFHIRASYAAEERIEGRVAALQTAADAF
0,GAARVRSLFKEARARAPCIVYIDEIDAVGKKRSTTMSGFSN
0,GRTTGVVLDSGDGVTHAVPVYEGFAMPHSIMRVDIAGRDVS
0,ETRLEKLLKLGNGLLESGRHYLAASRAFIVGICDLAHLGPP
0,ACYLSINPQKDEALETEKVQYTLPDGSTLNVGPARFRAPEL
0,NGEWVTNISEGGSFGELALIYGTPRAATVKAKTDLKLWGID
0,EAALHAAREGHTSVHTLNFEYAVERVLAGTAKKSKILSKEE
0,GKTPEDDEEEKRRKEREDQMYRERLRTLFIIALVMSLLNSL
0,GTGTLKIDFVGELNDKMKGFYRSKYTTPSGEVRYAAVTQFE
0,TVPFLLLQGSADRLCDSKGAYLLMELAKSQDKTLKIYEGAY
0,GLRLFTVQIPHKRLRQPPPCYLTAWDGSNFLPLRTKSCGHE
0,LEAEAVFRAIAIAGRINCPVYITKVMSKSAADIIALARKKG
0,KKHPWLGASNQALARWLPAEYEDHRSLPFGWTPGKRRNGFL
0,GSKHGRKAAWKFIKDNWEELYNRYQGGFLISRLIKLSVEGF
0,IWDPDKLKTITAKSHKSAVEYNIFEGMECHGSPLVVISQGK
0,WTTLCHDRVPHILLAVGPDLYLLDHATCSAVTPAGLAPGVS
0,TPPNPVVKARRRRGGVSAEVYTEEDAVSYVRKVIPKDYKTM
0,PLISEETDLIEPTLLDELICYIGTLASVYHKPPNAFVEGGR
0,NSFQVYMAYKDLYQMSDSQLYEAFTFLKGLGAVILVHAENG
0,EGDLFIGPKAEEHRGLLAIRYPMEHGVVRDWNDMERIWQYV
0,ADFHTSAEFEVVRTIKERACYLSINPQKDEALETEKVQYTL
0,LEDDDRDVAMSDVQDAPRVRYTPYAARPNRRGDNWNERTRI
0,VKTIEANGRMVIPGGIDVNTYLQKPSQGMTAADDFFQGTRA
0,EVFTLFFSDVLEKKNMIENSYLSDNTRESTHQSEDVFLPSP
0,RNEKKQQMGKEYKMKGDYFRYLSEVASGDNKQTTVSNSQQA
0,LTKAKKDLVKNMPFLKLDKDYVKTLPAQGLSTAEVLERLKE
0,AAMPEKRPFERLPAEVSPINYSLCLKPDLLDFTFEGKLEAA
0,KNRVRNQINALTSFVDASMVYGSEVSLSLRLRNRTNYLGLL
0,LVVPKDRVALSNMNVIDRKPYPDDENLVEVKFARTPVMSTY
0,KVENLLATSLLEMDHNRVRLYHDSTNIDKVNLFILGKDGLA
0,GDKLYNEARKIMGAMVQIITYRDFLPLVLGKARARRTLGHY
0,SEGEPCGDEGAEPPVEGDIHYQRGGAPLPPSGSKDQAVGAG
0,NDFDIYRLSNMMSAKGWNFNYLQFPRSIHFCITLVHTRKRV
0,WSDLSCNLGILSTLLSHTDFYEEIQEFVKDVFSPIGERLGW
0,GIISTVEVLKVMEAFVNEPNYTVWSDLSCNLGILSTLLSHT
0,IGLDLAALNMQRSRDHGLPGYNAWRRFCGLSQPRNLAQLSR
0,NPGAQNISNCKYADRTERRFYVVACDNRDPRDSPRYPVVPV
0,HPFHLHGHTFAVVRSAGSTVYNYSNPIFRDVVSTGTPAAGD
0,SWWAHVEMGPPDPILGVTEAYKRDTNSKKMNLGVGAYRDDN
0,--------MMAKNKEPRPPSYTVSVVGLSGTEKDKGNCGVG
0,EIFDAISYSKGASVIRMLHDYIGDKDFKKGMNMYLTKFQQK
0,VVGEYDFVETRSKDGVCVRVYTPVGKAEQGKFALEVAAKTL
0,VETSVLRDCIAEAKLLVDAAYNWTQKSIKQRLRSGSASPMD
0,IICDNTGITTVSRDIFRANIYPRGFVNCSRIPRLNLSAWRG
0,LFVEKCVEFIEDTGLCTEGLYRVSGNKTDQDNIQKQFDQDH
0,SKSKKPVIIAATKCDECVDHYLREVQAFASNKKNLLVVETS
0,QKSIKQRLRSGSASPMDLLSYFKQPVAATRTVVRAADYMHV
0,ATPSSDKMSEIHTVLSEEPRYKALQKLAPDRESLLLKHIGF
0,LEELWLDGNSLCDTFRDQSTYIRSVVACVSAIRERFPKLLR
0,LQLGYAEDGHCKGDINPNIPYPTRLQWDIPGECQEVIETSL
0,DMAKSLLHMISNDIGQLACLYAKLHGLDRVYFGGFFIRGHP
0,CENILLNAAWLKRDADSIHQYLLQRKTSPPSV---------
0,LNKTKDDISKNMSFLKVDKEYVKALPSQGLSSSAVLEKLKE
0,AEGEPCGDEGAEAPVEGDIHYQRGSGAPLPPSGSKDQVGGG
0,DLIAIADFAAGAMENWGLVTYRETALLIDPKNSCSSSRQWV
0,KINDRRIPFDLLSTLEAEKVYQNHVQHLISEKRRIEMKEKF
0,LQPYIKRAAASKLQSAEKLMYICTDQLGLEQDFEQKQMPEG
0,AGNVFDWGAKAVSDVLESDPYFGFEEAKRKLQERPWLVDSY
0,FIGEFIGKIRTEASQIRKDKYMANLPFTLILANQRDSISKN
0,CFVMEDEAFKYITEADSKEVYGRHQREIVEKAKEEFQEMLF
0,CEINNSTKFSGDGKSFLHGNYEELYSAAKFSVSTKANSTKS
0,LLAYFKQPVAATRRVVQAADYMHVALGLLEERLQPRGSRPF
0,TTKIHQSVVETFIQQCQFFFYNGEIVETANTVAPPPTSNPG
0,QGQQLANKLQCPFVDVPTGTYPRKFNESQIKQALRGVLESV
0,QTEFIDDQTFLPHRSTNLQPYIKRAAASKLQSAEKLMYICT
0,RQLVVTATDKFEKLVQTVRDYHATWKTVSNKLKNHPDYEEY
0,GLHSWKKKFIRFKNGIITGVYPASPSSWLIVVVGVMTTMYA
0,TKEGAAHPPLRLRSMYGAHKYQAEFPMSPVTSAHAGTYRCY
0,YALDGKIYELDLRPVDAKSPYILSQLWTAAFKPHGCFCVFN
0,LCVDHCFPEYDIWTQFVSADYTRAQELDALDNSHPIEVSVG
0,CRGIEVILACNSGPALNDVTYSESLIVAERIAAMDPIICTA
0,RNRSIRCPRNRTLHNCHRSSYRVPLLHCDLINPGAQNISTC
0,RQATNQIVMNCADIDIITASYAPEGDEEIHATGFNYQNEDE
0,LVAALYKREPDSNVIVVDWLYRAQQHYPVSAGYTKLVGNDV
0,IITASYAPEGDEEIHATGFNYQNEDEKVTLSFPSTLQTGTG
0,RFKEHVEGKQILSADLRSPVYLTVLKHGDGATLDIMLKLHK
0,WAQLSGRSPGLFSGAGGRRPYVVRGTPIGLAAAGGHTPQSL
0,DFQVPNQAGTFWYHSHLSTQYCDGLRGPFVVYDPNDPHASR
0,NGFSDRTSKSHGERRPSKYKYKSKTLFSKAKSYYRRTHSDA
0,ERRPSKYKYKSKTLFSKAKSYYRRTHSDASDDEAFTTSKTK
0,DCFPYNNYPDSDDDTEAPPPYSPIGDDVQLLPTPSDRSRYR
0,VYPASPSSWLIVVVGVMTTMYAKIDPSLGIIAKINRTLETA
0,FSWAQWFRIQHIQTTPLHCTYAMRAINRYQPRCKNRNTFLH
0,TFSKHIEQLKQEHIRKRREEYISTLPRAFNTLLPDLEEIEH
0,RVKAGETQKKVIFCSREKMSYLQKGKSPVIFVKCHDKSLNR
0,GKPIAAVMNTWTKQMGFPLIYVEAEQVEDDRLLRLSQKKFC
0,LKRHIVPSAIRLWQLSGSTLYFNTSGLKQKNKDDDKPKGKA
0,KIQDRENGRISIIINSSAPPYIVQNELKPEQVEQLKLIMSK
0,LAQLSRVLKNQDLARKFLNLYGTPDNIDIWIGAIAEPLLPG
0,HTGEKPYICSECGKGFTTKHYVIIHQRNHTGEKPYICNECG
0,IVEKAKEEFQEMLFEHSELFYDLDLNATPSSDKMSEIHTVL
0,CDGLRGPFVVYDPNDPHASRYDVDNDDTVITLADWYHTAAK
0,TSVLSTIDFGGRVVNNDHFLYWGDIIQNSEDGVECKIHVIE
0,RKQTSRVPLAHPEDMDSSDNYVEPLDTIFKQKGYSDEIYVV
0,NAVAGALKAFFADLPDPLIPYSLHPELLEAAKIPDKTERFH
0,LMLDKIIGEKRRRIQITILSYHSSIGVRKDELVHGYILVYS
0,KQKKKTKTFNPPTRRNWESNYFGMPLQDLVTAEKPIPLFVE
0,DERVNFPQRKKKGRGPFRWKYGEGNRRSGRGGSGIRSSRLE
0,SIAPRTNAALGFSQMLPRDQYLFTKEQLFERMCMALGGRAA
0,PGPMVAPGESLTLQCVSDVGYDRFVLYKEGERDFLQRPGWQ
0,LLSQASGCALRDQAERCSDKYRTITGRCNNKRRPLLGASNQ
0,SGPDLSTALIHFRIFVGARIYHTIAYLTPLPQPNRGLAFFV
0,PIEVSVGHPSEVDEIFDAISYSKGASVIRMLHDYIGDKDFK
0,QVEDDRVLKLSQKKFCASGPYGGEDCPQWMVPITISTSEDP
0,QGSPVTLRCQGSLQAEEYHLYRENKSASWVRRIQEPGKNGQ
0,DRQGLLYAYHDGACCSLSIPYNPQNPVRKNLAEYVKDSRNV
0,LLKHIGFVYHPTKETCLSGQYCTDIKVENLLATSLLEMDHN
0,IALISCRHVETLEKDRGNPIYLGLNGLNLCLMCAKVGDQPT
0,KEKDIMDLYNQPEPVKSFLFYHSQSGRNSTFESVAFPGWFI
0,SAFSQAHLENSPRGPGQVSGYHAPGSAATLACGGAARGRES
0,LLGHSMGGAISILVAAERPTYFSGMVLISPLVLANPESAST
0,LSSEWSAPSDPLDILITGQFYDRPSLSVQPVPTVAPGKNVT
0,DMAYQGFASGDGNKDAWAVRYFIEQGINVCLCQSYAKNMGL
0,WGPGPAWSPGFPARPGRGRPYMASRPPGDLAEAGGRALQSL
0,RDRLKTDMSNLAPTVRHLSGYLKQAKGRTRTAIRVGQVWEQ
0,WADGPAFINQCPISPGHSFLYDFQVPNQAGTFWYHSHLSTQ
0,GEPKGELLEAIKRDFGSFEKYKEKLTAASVGVQGSGWGWLG
0,ANPNFGNVGFNGGINSAILRYDGAPAVEPTTNQTTSVKPLN
0,YSHNHSSEYSDPLELVVTGAYSKPTLSALPSPVVTLGGNVT
0,ITLLPCQYLDTLETNRGDPTYMGVQRPMSCLFCTKDGEQPV
0,YQSPAGWSEPSDPLELVVTAYSRPTLSALPSPVVTSGVNVT
0,KIDPSLGIIAKINRTLDTTGYMSSQTKNIVSGVLFGTGLWV
0,VTVEFTWEEWQLLGPFQKDLYRDVMLEIYSNLLSMGYQVSK
0,ASMVYGSEVSLSLRLRNRTNYLGLLAINQRFQDNGRALLPF
0,TAVPRKEQTVPVTITLLPCQYLDTLETNRGDPTYMGVQRPM
0,FTVTPDGIDLRLSHEALRQIYLSGLHSWKKKFIRFKNGIIT
0,ADAPIRLSPDDADFVDVLHTYTRGSPDRSIGIQKPVGHIDI
0,KKEGSSHNWQHIIDQIGMFCYTGLKPEQVERLTKEFSIYMT
0,EGIESKFSLRTPAEPDEDVCYLVPGQMDSLAQCNFNHTSKT
0,GHYTIGKEIVDLVLDRLSVDYGKKNLDIERPTYTNLNRLIG
0,DSSNSQPLSVDSIQIFAAQRYSFVLNANQAVDNYWIRANPN
0,CYKVTNGAFTGEISPGMIKDYGATWVVLGHSERRHVFGESD
0,DRKILNKALAKEKVANCQKDYTDIESKFARRTPENTVEDTC
0,LDARIFHTEFGSGVAILTGAYRFTLSANVGDLKLRRMPEVP
0,AVKAKGLEISGTFTHRQGHIYMEMNFTNKALQHMTDFAIQF
0,INNYQRRCKNQNTFLRTTFAYTANVCRNERIRCPRNRTLHN
0,VPDVKATNPVPQAWSDLCPTYDANAPSDQ------------
0,VDDHLQDHLENQRMLKSVEQYHEHNAFGNTASQTKSLCLFR
0,LLPLLGLLSAEGSPHARPQQYSRAQWFSIQHIQTAPLHCTS
0,KALVLNASDIHISFLPLAHMYEQLLQCVMLCHGAKIGFFQG
0,SAPNSHVPLSSAFFASWRIVYEGGIDPILRGLMATPAKLNR
0,ETLNPAQKKSDSKTAPHLQDYTVENLIRMGVAGLVLLFLGI
0,QGVSRGMYDGPVYEVPATPKYATPAPSAKSSPSKHQPPPIR
0,SPSQNKTDSTTTSLGQHPQDYTVENLIRMGVAGLVLVVLGI
0,KLTNGIWILAELRIQPGNPNYTLSLKCRAPEVSQYIYQVYD
0,------------------MSYQGKKSIPHITSDRLLIKGGR
0,IKECHLNADTVSSKLQNNNVYTIAKRNVEGQDMLYQSLKLT
0,VITWHNPVTIWCQGTLEAQGYRLDKEGNSMSRHILKTLESE
0,------MENAHTKTVEEVLGYFGVNESTGLSLEQVKKLKER
0,GFPRKSNLIVHQRNHTVEKSYLCSECGKGFTVKSMLIIHQR
0,LKQHLVQNPVRLWQLLGGTFYFNTSRLKQKNKEKDKSKGKA
0,GFAKETELALHKQVHTGEKPYGCNECGKGFTMKSRLIVHQR
0,PHASRYDVDNDDTVITLADWYHTAAKLGPRFPAGADATLIN
0,GSVKYYRVACENRTPQDTPMYPVVPVHLDGTF---------
0,--MADLKQLMDNEVLMAFTSYATIILAKMMFLSSATAFQRL
0,GEGNIMEMYNKKEPVKASLFYHKKSGTTSTFESAAFPGWFI
0,QKVVCFNHDNTLLATGGTDGYVRVWKVPSLEKVLEFKAHEG
0,QIFAAQRYSFVLNANQAVDNYWIRANPNFGNVGFNGGINSA
0,PPTVVPGGDLAKLDHKFDLMYAK------------------
0,TASQTKSLCLFRENHDTFELYIKTLKSNLSLVNQNKSCEIN
0,DKRKFDIMEFVLRLVEAQATYFQQGHEELNRLAQYRKELGT
0,AFVKKSQLTDHERVHTGEKPYGCTLCAKVFSRKSRLNEHQR
0,IHFFGKTNVTKVDQPFLISLYGTLDESENIPFTLPEVSSNK
0,QKDLYRDVMLEIYSNLLSMGYQVSKPDALSKLERGEEPWTM
